Date,Close
2015-01-02 00:00:00-05:00,24.531763076782227
2015-01-05 00:00:00-05:00,23.84066390991211
2015-01-06 00:00:00-05:00,23.842910766601562
2015-01-07 00:00:00-05:00,24.17723846435547
2015-01-08 00:00:00-05:00,25.10618019104004
2015-01-09 00:00:00-05:00,25.13311195373535
2015-01-12 00:00:00-05:00,24.51381492614746
2015-01-13 00:00:00-05:00,24.731468200683594
2015-01-14 00:00:00-05:00,24.637229919433594
2015-01-15 00:00:00-05:00,23.968564987182617
2015-01-16 00:00:00-05:00,23.782320022583008
2015-01-20 00:00:00-05:00,24.394893646240234
2015-01-21 00:00:00-05:00,24.581130981445312
2015-01-22 00:00:00-05:00,25.220619201660156
2015-01-23 00:00:00-05:00,25.35076332092285
2015-01-26 00:00:00-05:00,25.377687454223633
2015-01-27 00:00:00-05:00,24.489133834838867
2015-01-28 00:00:00-05:00,25.873573303222656
2015-01-29 00:00:00-05:00,26.679107666015625
2015-01-30 00:00:00-05:00,26.288677215576172
2015-02-02 00:00:00-05:00,26.61852264404297
2015-02-03 00:00:00-05:00,26.62301254272461
2015-02-04 00:00:00-05:00,26.827199935913086
2015-02-05 00:00:00-05:00,27.018678665161133
2015-02-06 00:00:00-05:00,26.791154861450195
2015-02-09 00:00:00-05:00,26.969118118286133
2015-02-10 00:00:00-05:00,27.487232208251953
2015-02-11 00:00:00-05:00,28.131500244140625
2015-02-12 00:00:00-05:00,28.487430572509766
2015-02-13 00:00:00-05:00,28.627092361450195
2015-02-17 00:00:00-05:00,28.79604148864746
2015-02-18 00:00:00-05:00,28.996536254882812
2015-02-19 00:00:00-05:00,28.935712814331055
2015-02-20 00:00:00-05:00,29.1722469329834
2015-02-23 00:00:00-05:00,29.960683822631836
2015-02-24 00:00:00-05:00,29.773706436157227
2015-02-25 00:00:00-05:00,29.012300491333008
2015-02-26 00:00:00-05:00,29.379487991333008
2015-02-27 00:00:00-05:00,28.93796730041504
2015-03-02 00:00:00-05:00,29.079877853393555
2015-03-03 00:00:00-05:00,29.140708923339844
2015-03-04 00:00:00-05:00,28.95598602294922
2015-03-05 00:00:00-05:00,28.476163864135742
2015-03-06 00:00:00-05:00,28.518970489501953
2015-03-09 00:00:00-04:00,28.64061164855957
2015-03-10 00:00:00-04:00,28.048152923583984
2015-03-11 00:00:00-04:00,27.53679084777832
2015-03-12 00:00:00-04:00,28.034637451171875
2015-03-13 00:00:00-04:00,27.84090232849121
2015-03-16 00:00:00-04:00,28.147268295288086
2015-03-17 00:00:00-04:00,28.618085861206055
2015-03-18 00:00:00-04:00,28.940216064453125
2015-03-19 00:00:00-04:00,28.721708297729492
2015-03-20 00:00:00-04:00,28.361276626586914
2015-03-23 00:00:00-04:00,28.6563777923584
2015-03-24 00:00:00-04:00,28.539236068725586
2015-03-25 00:00:00-04:00,27.79360008239746
2015-03-26 00:00:00-04:00,27.987333297729492
2015-03-27 00:00:00-04:00,27.76431655883789
2015-03-30 00:00:00-04:00,28.467159271240234
2015-03-31 00:00:00-04:00,28.03013801574707
2015-04-01 00:00:00-04:00,27.989585876464844
2015-04-02 00:00:00-04:00,28.230623245239258
2015-04-06 00:00:00-04:00,28.68791389465332
2015-04-07 00:00:00-04:00,28.386056900024414
2015-04-08 00:00:00-04:00,28.293699264526367
2015-04-09 00:00:00-04:00,28.50995445251465
2015-04-10 00:00:00-04:00,28.631601333618164
2015-04-13 00:00:00-04:00,28.57528305053711
2015-04-14 00:00:00-04:00,28.451383590698242
2015-04-15 00:00:00-04:00,28.559513092041016
2015-04-16 00:00:00-04:00,28.422100067138672
2015-04-17 00:00:00-04:00,28.102218627929688
2015-04-20 00:00:00-04:00,28.744234085083008
2015-04-21 00:00:00-04:00,28.588802337646484
2015-04-22 00:00:00-04:00,28.97400665283203
2015-04-23 00:00:00-04:00,29.210538864135742
2015-04-24 00:00:00-04:00,29.347957611083984
2015-04-27 00:00:00-04:00,29.881832122802734
2015-04-28 00:00:00-04:00,29.411026000976562
2015-04-29 00:00:00-04:00,28.978511810302734
2015-04-30 00:00:00-04:00,28.19232749938965
2015-05-01 00:00:00-04:00,29.0483455657959
2015-05-04 00:00:00-04:00,28.992027282714844
2015-05-05 00:00:00-04:00,28.338748931884766
2015-05-06 00:00:00-04:00,28.160789489746094
2015-05-07 00:00:00-04:00,28.334972381591797
2015-05-08 00:00:00-04:00,28.868825912475586
2015-05-11 00:00:00-04:00,28.574748992919922
2015-05-12 00:00:00-04:00,28.47295570373535
2015-05-13 00:00:00-04:00,28.50462532043457
2015-05-14 00:00:00-04:00,29.1696834564209
2015-05-15 00:00:00-04:00,29.128965377807617
2015-05-18 00:00:00-04:00,29.45018196105957
2015-05-19 00:00:00-04:00,29.42304229736328
2015-05-20 00:00:00-04:00,29.420774459838867
2015-05-21 00:00:00-04:00,29.72163200378418
2015-05-22 00:00:00-04:00,29.981765747070312
2015-05-26 00:00:00-04:00,29.321243286132812
2015-05-27 00:00:00-04:00,29.868667602539062
2015-05-28 00:00:00-04:00,29.80984878540039
2015-05-29 00:00:00-04:00,29.470544815063477
2015-06-01 00:00:00-04:00,29.52935028076172
2015-06-02 00:00:00-04:00,29.398151397705078
2015-06-03 00:00:00-04:00,29.434343338012695
2015-06-04 00:00:00-04:00,29.26243019104004
2015-06-05 00:00:00-04:00,29.101825714111328
2015-06-08 00:00:00-04:00,28.909542083740234
2015-06-09 00:00:00-04:00,28.823579788208008
2015-06-10 00:00:00-04:00,29.15384864807129
2015-06-11 00:00:00-04:00,29.088245391845703
2015-06-12 00:00:00-04:00,28.767032623291016
2015-06-15 00:00:00-04:00,28.71047592163086
2015-06-16 00:00:00-04:00,28.864299774169922
2015-06-17 00:00:00-04:00,28.796438217163086
2015-06-18 00:00:00-04:00,28.927637100219727
2015-06-19 00:00:00-04:00,28.638092041015625
2015-06-22 00:00:00-04:00,28.866561889648438
2015-06-23 00:00:00-04:00,28.735363006591797
2015-06-24 00:00:00-04:00,28.979671478271484
2015-06-25 00:00:00-04:00,28.8416805267334
2015-06-26 00:00:00-04:00,28.67202377319336
2015-06-29 00:00:00-04:00,28.16983985900879
2015-06-30 00:00:00-04:00,28.37342643737793
2015-07-01 00:00:00-04:00,28.638092041015625
2015-07-02 00:00:00-04:00,28.601898193359375
2015-07-06 00:00:00-04:00,28.502365112304688
2015-07-07 00:00:00-04:00,28.432241439819336
2015-07-08 00:00:00-04:00,27.726463317871094
2015-07-09 00:00:00-04:00,27.16094970703125
2015-07-10 00:00:00-04:00,27.887075424194336
2015-07-13 00:00:00-04:00,28.425453186035156
2015-07-14 00:00:00-04:00,28.414148330688477
2015-07-15 00:00:00-04:00,28.687854766845703
2015-07-16 00:00:00-04:00,29.07015037536621
2015-07-17 00:00:00-04:00,29.321243286132812
2015-07-20 00:00:00-04:00,29.87545394897461
2015-07-21 00:00:00-04:00,29.576860427856445
2015-07-22 00:00:00-04:00,28.325923919677734
2015-07-23 00:00:00-04:00,28.312353134155273
2015-07-24 00:00:00-04:00,28.163053512573242
2015-07-27 00:00:00-04:00,27.771711349487305
2015-07-28 00:00:00-04:00,27.909698486328125
2015-07-29 00:00:00-04:00,27.821470260620117
2015-07-30 00:00:00-04:00,27.681228637695312
2015-07-31 00:00:00-04:00,27.43918228149414
2015-08-03 00:00:00-04:00,26.792221069335938
2015-08-04 00:00:00-04:00,25.932626724243164
2015-08-05 00:00:00-04:00,26.104551315307617
2015-08-06 00:00:00-04:00,26.16135597229004
2015-08-07 00:00:00-04:00,26.249980926513672
2015-08-10 00:00:00-04:00,27.204357147216797
2015-08-11 00:00:00-04:00,25.788698196411133
2015-08-12 00:00:00-04:00,26.18634796142578
2015-08-13 00:00:00-04:00,26.16590118408203
2015-08-14 00:00:00-04:00,26.349958419799805
2015-08-17 00:00:00-04:00,26.622634887695312
2015-08-18 00:00:00-04:00,26.472667694091797
2015-08-19 00:00:00-04:00,26.13408851623535
2015-08-20 00:00:00-04:00,25.597814559936523
2015-08-21 00:00:00-04:00,24.032184600830078
2015-08-24 00:00:00-04:00,23.43228530883789
2015-08-25 00:00:00-04:00,23.57317352294922
2015-08-26 00:00:00-04:00,24.925209045410156
2015-08-27 00:00:00-04:00,25.65917205810547
2015-08-28 00:00:00-04:00,25.74324607849121
2015-08-31 00:00:00-04:00,25.622812271118164
2015-09-01 00:00:00-04:00,24.47756004333496
2015-09-02 00:00:00-04:00,25.52737808227539
2015-09-03 00:00:00-04:00,25.079721450805664
2015-09-04 00:00:00-04:00,24.829769134521484
2015-09-08 00:00:00-04:00,25.520557403564453
2015-09-09 00:00:00-04:00,25.029739379882812
2015-09-10 00:00:00-04:00,25.579639434814453
2015-09-11 00:00:00-04:00,25.95229721069336
2015-09-14 00:00:00-04:00,26.202255249023438
2015-09-15 00:00:00-04:00,26.422672271728516
2015-09-16 00:00:00-04:00,26.452219009399414
2015-09-17 00:00:00-04:00,25.886402130126953
2015-09-18 00:00:00-04:00,25.779603958129883
2015-09-21 00:00:00-04:00,26.17953872680664
2015-09-22 00:00:00-04:00,25.768238067626953
2015-09-23 00:00:00-04:00,25.977294921875
2015-09-24 00:00:00-04:00,26.131816864013672
2015-09-25 00:00:00-04:00,26.065916061401367
2015-09-28 00:00:00-04:00,25.550092697143555
2015-09-29 00:00:00-04:00,24.782052993774414
2015-09-30 00:00:00-04:00,25.063817977905273
2015-10-01 00:00:00-04:00,24.900217056274414
2015-10-02 00:00:00-04:00,25.081993103027344
2015-10-05 00:00:00-04:00,25.172887802124023
2015-10-06 00:00:00-04:00,25.293325424194336
2015-10-07 00:00:00-04:00,25.172887802124023
2015-10-08 00:00:00-04:00,24.882030487060547
2015-10-09 00:00:00-04:00,25.47738265991211
2015-10-12 00:00:00-04:00,25.359222412109375
2015-10-13 00:00:00-04:00,25.402395248413086
2015-10-14 00:00:00-04:00,25.043367385864258
2015-10-15 00:00:00-04:00,25.418302536010742
2015-10-16 00:00:00-04:00,25.23197364807129
2015-10-19 00:00:00-04:00,25.388765335083008
2015-10-20 00:00:00-04:00,25.85231590270996
2015-10-21 00:00:00-04:00,25.850048065185547
2015-10-22 00:00:00-04:00,26.245431900024414
2015-10-23 00:00:00-04:00,27.058929443359375
2015-10-26 00:00:00-04:00,26.19544219970703
2015-10-27 00:00:00-04:00,26.029560089111328
2015-10-28 00:00:00-04:00,27.102100372314453
2015-10-29 00:00:00-04:00,27.388412475585938
2015-10-30 00:00:00-04:00,27.154367446899414
2015-11-02 00:00:00-05:00,27.536117553710938
2015-11-03 00:00:00-05:00,27.851964950561523
2015-11-04 00:00:00-05:00,27.72244644165039
2015-11-05 00:00:00-05:00,27.594646453857422
2015-11-06 00:00:00-05:00,27.626602172851562
2015-11-09 00:00:00-05:00,27.514780044555664
2015-11-10 00:00:00-05:00,26.647602081298828
2015-11-11 00:00:00-05:00,26.496980667114258
2015-11-12 00:00:00-05:00,26.40797996520996
2015-11-13 00:00:00-05:00,25.636648178100586
2015-11-16 00:00:00-05:00,26.056537628173828
2015-11-17 00:00:00-05:00,25.944725036621094
2015-11-18 00:00:00-05:00,26.76625633239746
2015-11-19 00:00:00-05:00,27.106285095214844
2015-11-20 00:00:00-05:00,27.224956512451172
2015-11-23 00:00:00-05:00,26.871238708496094
2015-11-24 00:00:00-05:00,27.129108428955078
2015-11-25 00:00:00-05:00,26.93513298034668
2015-11-27 00:00:00-05:00,26.884931564331055
2015-11-30 00:00:00-05:00,26.996753692626953
2015-12-01 00:00:00-05:00,26.77767562866211
2015-12-02 00:00:00-05:00,26.535776138305664
2015-12-03 00:00:00-05:00,26.289316177368164
2015-12-04 00:00:00-05:00,27.163341522216797
2015-12-07 00:00:00-05:00,26.992189407348633
2015-12-08 00:00:00-05:00,26.98078155517578
2015-12-09 00:00:00-05:00,26.385162353515625
2015-12-10 00:00:00-05:00,26.510679244995117
2015-12-11 00:00:00-05:00,25.828340530395508
2015-12-14 00:00:00-05:00,25.66859245300293
2015-12-15 00:00:00-05:00,25.214466094970703
2015-12-16 00:00:00-05:00,25.40843391418457
2015-12-17 00:00:00-05:00,24.869873046875
2015-12-18 00:00:00-05:00,24.196666717529297
2015-12-21 00:00:00-05:00,24.493335723876953
2015-12-22 00:00:00-05:00,24.470516204833984
2015-12-23 00:00:00-05:00,24.785436630249023
2015-12-24 00:00:00-05:00,24.653078079223633
2015-12-28 00:00:00-05:00,24.376951217651367
2015-12-29 00:00:00-05:00,24.815101623535156
2015-12-30 00:00:00-05:00,24.491050720214844
2015-12-31 00:00:00-05:00,24.020946502685547
2016-01-04 00:00:00-05:00,24.041484832763672
2016-01-05 00:00:00-05:00,23.439027786254883
2016-01-06 00:00:00-05:00,22.980331420898438
2016-01-07 00:00:00-05:00,22.01045799255371
2016-01-08 00:00:00-05:00,22.12683868408203
2016-01-11 00:00:00-05:00,22.48512840270996
2016-01-12 00:00:00-05:00,22.811460494995117
2016-01-13 00:00:00-05:00,22.224966049194336
2016-01-14 00:00:00-05:00,22.711044311523438
2016-01-15 00:00:00-05:00,22.165634155273438
2016-01-19 00:00:00-05:00,22.058380126953125
2016-01-20 00:00:00-05:00,22.088045120239258
2016-01-21 00:00:00-05:00,21.976226806640625
2016-01-22 00:00:00-05:00,23.144641876220703
2016-01-25 00:00:00-05:00,22.692787170410156
2016-01-26 00:00:00-05:00,22.818302154541016
2016-01-27 00:00:00-05:00,21.318992614746094
2016-01-28 00:00:00-05:00,21.471893310546875
2016-01-29 00:00:00-05:00,22.213560104370117
2016-02-01 00:00:00-05:00,22.005887985229492
2016-02-02 00:00:00-05:00,21.560880661010742
2016-02-03 00:00:00-05:00,21.987634658813477
2016-02-04 00:00:00-05:00,22.164302825927734
2016-02-05 00:00:00-05:00,21.572336196899414
2016-02-08 00:00:00-05:00,21.799489974975586
2016-02-09 00:00:00-05:00,21.794902801513672
2016-02-10 00:00:00-05:00,21.629695892333984
2016-02-11 00:00:00-05:00,21.498912811279297
2016-02-12 00:00:00-05:00,21.565452575683594
2016-02-16 00:00:00-05:00,22.17348289489746
2016-02-17 00:00:00-05:00,22.5130615234375
2016-02-18 00:00:00-05:00,22.086292266845703
2016-02-19 00:00:00-05:00,22.035818099975586
2016-02-22 00:00:00-05:00,22.22854995727539
2016-02-23 00:00:00-05:00,21.72607421875
2016-02-24 00:00:00-05:00,22.04958152770996
2016-02-25 00:00:00-05:00,22.20101547241211
2016-02-26 00:00:00-05:00,22.235435485839844
2016-02-29 00:00:00-05:00,22.184955596923828
2016-03-01 00:00:00-05:00,23.06601333618164
2016-03-02 00:00:00-05:00,23.116493225097656
2016-03-03 00:00:00-05:00,23.288583755493164
2016-03-04 00:00:00-05:00,23.635040283203125
2016-03-07 00:00:00-05:00,23.373477935791016
2016-03-08 00:00:00-05:00,23.180744171142578
2016-03-09 00:00:00-05:00,23.201391220092773
2016-03-10 00:00:00-05:00,23.212867736816406
2016-03-11 00:00:00-05:00,23.462961196899414
2016-03-14 00:00:00-04:00,23.522611618041992
2016-03-15 00:00:00-04:00,23.99526596069336
2016-03-16 00:00:00-04:00,24.31419563293457
2016-03-17 00:00:00-04:00,24.275188446044922
2016-03-18 00:00:00-04:00,24.30272102355957
2016-03-21 00:00:00-04:00,24.30042839050293
2016-03-22 00:00:00-04:00,24.486276626586914
2016-03-23 00:00:00-04:00,24.350906372070312
2016-03-24 00:00:00-04:00,24.245363235473633
2016-03-28 00:00:00-04:00,24.135231018066406
2016-03-29 00:00:00-04:00,24.706544876098633
2016-03-30 00:00:00-04:00,25.137903213500977
2016-03-31 00:00:00-04:00,25.00711441040039
2016-04-01 00:00:00-04:00,25.236555099487305
2016-04-04 00:00:00-04:00,25.495832443237305
2016-04-05 00:00:00-04:00,25.19525909423828
2016-04-06 00:00:00-04:00,25.459121704101562
2016-04-07 00:00:00-04:00,24.90386962890625
2016-04-08 00:00:00-04:00,24.9314022064209
2016-04-11 00:00:00-04:00,25.013999938964844
2016-04-12 00:00:00-04:00,25.339818954467773
2016-04-13 00:00:00-04:00,25.706920623779297
2016-04-14 00:00:00-04:00,25.72068214416504
2016-04-15 00:00:00-04:00,25.204439163208008
2016-04-18 00:00:00-04:00,24.660659790039062
2016-04-19 00:00:00-04:00,24.529878616333008
2016-04-20 00:00:00-04:00,24.580347061157227
2016-04-21 00:00:00-04:00,24.31419563293457
2016-04-22 00:00:00-04:00,24.24765396118164
2016-04-25 00:00:00-04:00,24.109994888305664
2016-04-26 00:00:00-04:00,23.942493438720703
2016-04-27 00:00:00-04:00,22.44422721862793
2016-04-28 00:00:00-04:00,21.758188247680664
2016-04-29 00:00:00-04:00,21.508092880249023
2016-05-02 00:00:00-04:00,21.485153198242188
2016-05-03 00:00:00-04:00,21.8384952545166
2016-05-04 00:00:00-04:00,21.61134910583496
2016-05-05 00:00:00-04:00,21.52362060546875
2016-05-06 00:00:00-04:00,21.403593063354492
2016-05-09 00:00:00-04:00,21.419754028320312
2016-05-10 00:00:00-04:00,21.565170288085938
2016-05-11 00:00:00-04:00,21.35511016845703
2016-05-12 00:00:00-04:00,20.85418701171875
2016-05-13 00:00:00-04:00,20.89573860168457
2016-05-16 00:00:00-04:00,21.671361923217773
2016-05-17 00:00:00-04:00,21.581331253051758
2016-05-18 00:00:00-04:00,21.828330993652344
2016-05-19 00:00:00-04:00,21.745229721069336
2016-05-20 00:00:00-04:00,21.98069190979004
2016-05-23 00:00:00-04:00,22.260005950927734
2016-05-24 00:00:00-04:00,22.599348068237305
2016-05-25 00:00:00-04:00,22.996389389038086
2016-05-26 00:00:00-04:00,23.178754806518555
2016-05-27 00:00:00-04:00,23.16490364074707
2016-05-31 00:00:00-04:00,23.051790237426758
2016-06-01 00:00:00-04:00,22.72861671447754
2016-06-02 00:00:00-04:00,22.55779457092285
2016-06-03 00:00:00-04:00,22.603958129882812
2016-06-06 00:00:00-04:00,22.767852783203125
2016-06-07 00:00:00-04:00,22.860193252563477
2016-06-08 00:00:00-04:00,22.839418411254883
2016-06-09 00:00:00-04:00,23.003318786621094
2016-06-10 00:00:00-04:00,22.814027786254883
2016-06-13 00:00:00-04:00,22.470073699951172
2016-06-14 00:00:00-04:00,22.497772216796875
2016-06-15 00:00:00-04:00,22.42391014099121
2016-06-16 00:00:00-04:00,22.51854705810547
2016-06-17 00:00:00-04:00,22.006084442138672
2016-06-20 00:00:00-04:00,21.952991485595703
2016-06-21 00:00:00-04:00,22.13997459411621
2016-06-22 00:00:00-04:00,22.056867599487305
2016-06-23 00:00:00-04:00,22.183828353881836
2016-06-24 00:00:00-04:00,21.560562133789062
2016-06-27 00:00:00-04:00,21.246618270874023
2016-06-28 00:00:00-04:00,21.60441780090332
2016-06-29 00:00:00-04:00,21.791400909423828
2016-06-30 00:00:00-04:00,22.068410873413086
2016-07-01 00:00:00-04:00,22.135353088378906
2016-07-05 00:00:00-04:00,21.927602767944336
2016-07-06 00:00:00-04:00,22.052249908447266
2016-07-07 00:00:00-04:00,22.14689826965332
2016-07-08 00:00:00-04:00,22.317718505859375
2016-07-11 00:00:00-04:00,22.386964797973633
2016-07-12 00:00:00-04:00,22.48854637145996
2016-07-13 00:00:00-04:00,22.36157989501953
2016-07-14 00:00:00-04:00,22.804790496826172
2016-07-15 00:00:00-04:00,22.8024845123291
2016-07-18 00:00:00-04:00,23.044870376586914
2016-07-19 00:00:00-04:00,23.054101943969727
2016-07-20 00:00:00-04:00,23.07488250732422
2016-07-21 00:00:00-04:00,22.952529907226562
2016-07-22 00:00:00-04:00,22.7747859954834
2016-07-25 00:00:00-04:00,22.470073699951172
2016-07-26 00:00:00-04:00,22.315410614013672
2016-07-27 00:00:00-04:00,23.765090942382812
2016-07-28 00:00:00-04:00,24.085962295532227
2016-07-29 00:00:00-04:00,24.055952072143555
2016-08-01 00:00:00-04:00,24.480703353881836
2016-08-02 00:00:00-04:00,24.118284225463867
2016-08-03 00:00:00-04:00,24.42068099975586
2016-08-04 00:00:00-04:00,24.571544647216797
2016-08-05 00:00:00-04:00,24.94520378112793
2016-08-08 00:00:00-04:00,25.15176773071289
2016-08-09 00:00:00-04:00,25.253889083862305
2016-08-10 00:00:00-04:00,25.065900802612305
2016-08-11 00:00:00-04:00,25.049654006958008
2016-08-12 00:00:00-04:00,25.10767364501953
2016-08-15 00:00:00-04:00,25.40938949584961
2016-08-16 00:00:00-04:00,25.386178970336914
2016-08-17 00:00:00-04:00,25.349048614501953
2016-08-18 00:00:00-04:00,25.316556930541992
2016-08-19 00:00:00-04:00,25.38153839111328
2016-08-22 00:00:00-04:00,25.184263229370117
2016-08-23 00:00:00-04:00,25.263174057006836
2016-08-24 00:00:00-04:00,25.072858810424805
2016-08-25 00:00:00-04:00,24.966094970703125
2016-08-26 00:00:00-04:00,24.819881439208984
2016-08-29 00:00:00-04:00,24.792028427124023
2016-08-30 00:00:00-04:00,24.601713180541992
2016-08-31 00:00:00-04:00,24.62491798400879
2016-09-01 00:00:00-04:00,24.771137237548828
2016-09-02 00:00:00-04:00,25.00322723388672
2016-09-06 00:00:00-04:00,24.996265411376953
2016-09-07 00:00:00-04:00,25.14944839477539
2016-09-08 00:00:00-04:00,24.490304946899414
2016-09-09 00:00:00-04:00,23.935604095458984
2016-09-12 00:00:00-04:00,24.471744537353516
2016-09-13 00:00:00-04:00,25.054288864135742
2016-09-14 00:00:00-04:00,25.940881729125977
2016-09-15 00:00:00-04:00,26.82282257080078
2016-09-16 00:00:00-04:00,26.671974182128906
2016-09-19 00:00:00-04:00,26.36096954345703
2016-09-20 00:00:00-04:00,26.358642578125
2016-09-21 00:00:00-04:00,26.354001998901367
2016-09-22 00:00:00-04:00,26.602340698242188
2016-09-23 00:00:00-04:00,26.15904998779297
2016-09-26 00:00:00-04:00,26.19849967956543
2016-09-27 00:00:00-04:00,26.247238159179688
2016-09-28 00:00:00-04:00,26.446842193603516
2016-09-29 00:00:00-04:00,26.03604507446289
2016-09-30 00:00:00-04:00,26.237957000732422
2016-10-03 00:00:00-04:00,26.114953994750977
2016-10-04 00:00:00-04:00,26.226354598999023
2016-10-05 00:00:00-04:00,26.237957000732422
2016-10-06 00:00:00-04:00,26.43290901184082
2016-10-07 00:00:00-04:00,26.47237205505371
2016-10-10 00:00:00-04:00,26.934232711791992
2016-10-11 00:00:00-04:00,26.992258071899414
2016-10-12 00:00:00-04:00,27.23363494873047
2016-10-13 00:00:00-04:00,27.15007781982422
2016-10-14 00:00:00-04:00,27.30093765258789
2016-10-17 00:00:00-04:00,27.282373428344727
2016-10-18 00:00:00-04:00,27.263805389404297
2016-10-19 00:00:00-04:00,27.182573318481445
2016-10-20 00:00:00-04:00,27.168643951416016
2016-10-21 00:00:00-04:00,27.06188201904297
2016-10-24 00:00:00-04:00,27.305578231811523
2016-10-25 00:00:00-04:00,27.4448299407959
2016-10-26 00:00:00-04:00,26.827468872070312
2016-10-27 00:00:00-04:00,26.569843292236328
2016-10-28 00:00:00-04:00,26.393461227416992
2016-10-31 00:00:00-04:00,26.351682662963867
2016-11-01 00:00:00-04:00,25.875896453857422
2016-11-02 00:00:00-04:00,25.899105072021484
2016-11-03 00:00:00-04:00,25.621503829956055
2016-11-04 00:00:00-04:00,25.390548706054688
2016-11-07 00:00:00-05:00,25.756803512573242
2016-11-08 00:00:00-05:00,25.90843391418457
2016-11-09 00:00:00-05:00,25.86644172668457
2016-11-10 00:00:00-05:00,25.145599365234375
2016-11-11 00:00:00-05:00,25.294897079467773
2016-11-14 00:00:00-05:00,24.660369873046875
2016-11-15 00:00:00-05:00,24.986968994140625
2016-11-16 00:00:00-05:00,25.65882110595703
2016-11-17 00:00:00-05:00,25.649492263793945
2016-11-18 00:00:00-05:00,25.675153732299805
2016-11-21 00:00:00-05:00,26.06473731994629
2016-11-22 00:00:00-05:00,26.081066131591797
2016-11-23 00:00:00-05:00,25.948097229003906
2016-11-25 00:00:00-05:00,26.0787296295166
2016-11-28 00:00:00-05:00,26.02741050720215
2016-11-29 00:00:00-05:00,26.00174903869629
2016-11-30 00:00:00-05:00,25.782461166381836
2016-12-01 00:00:00-05:00,25.542177200317383
2016-12-02 00:00:00-05:00,25.637826919555664
2016-12-05 00:00:00-05:00,25.453533172607422
2016-12-06 00:00:00-05:00,25.649492263793945
2016-12-07 00:00:00-05:00,25.90144157409668
2016-12-08 00:00:00-05:00,26.155715942382812
2016-12-09 00:00:00-05:00,26.582626342773438
2016-12-12 00:00:00-05:00,26.430992126464844
2016-12-13 00:00:00-05:00,26.871898651123047
2016-12-14 00:00:00-05:00,26.871898651123047
2016-12-15 00:00:00-05:00,27.01886558532715
2016-12-16 00:00:00-05:00,27.053855895996094
2016-12-19 00:00:00-05:00,27.210155487060547
2016-12-20 00:00:00-05:00,27.282472610473633
2016-12-21 00:00:00-05:00,27.308137893676758
2016-12-22 00:00:00-05:00,27.12850570678711
2016-12-23 00:00:00-05:00,27.182153701782227
2016-12-27 00:00:00-05:00,27.35479164123535
2016-12-28 00:00:00-05:00,27.238147735595703
2016-12-29 00:00:00-05:00,27.231151580810547
2016-12-30 00:00:00-05:00,27.01886558532715
2017-01-03 00:00:00-05:00,27.09584617614746
2017-01-04 00:00:00-05:00,27.065521240234375
2017-01-05 00:00:00-05:00,27.203157424926758
2017-01-06 00:00:00-05:00,27.506427764892578
2017-01-09 00:00:00-05:00,27.75837516784668
2017-01-10 00:00:00-05:00,27.78636360168457
2017-01-11 00:00:00-05:00,27.935665130615234
2017-01-12 00:00:00-05:00,27.819028854370117
2017-01-13 00:00:00-05:00,27.77003288269043
2017-01-17 00:00:00-05:00,27.99398422241211
2017-01-18 00:00:00-05:00,27.99165916442871
2017-01-19 00:00:00-05:00,27.942665100097656
2017-01-20 00:00:00-05:00,27.99398422241211
2017-01-23 00:00:00-05:00,28.012649536132812
2017-01-24 00:00:00-05:00,27.98699188232422
2017-01-25 00:00:00-05:00,28.432559967041016
2017-01-26 00:00:00-05:00,28.446550369262695
2017-01-27 00:00:00-05:00,28.44889259338379
2017-01-30 00:00:00-05:00,28.37424087524414
2017-01-31 00:00:00-05:00,28.308921813964844
2017-02-01 00:00:00-05:00,30.03521728515625
2017-02-02 00:00:00-05:00,29.98389434814453
2017-02-03 00:00:00-05:00,30.112199783325195
2017-02-06 00:00:00-05:00,30.394472122192383
2017-02-07 00:00:00-05:00,30.683740615844727
2017-02-08 00:00:00-05:00,30.802715301513672
2017-02-09 00:00:00-05:00,31.025297164916992
2017-02-10 00:00:00-05:00,30.95500946044922
2017-02-13 00:00:00-05:00,31.2291259765625
2017-02-14 00:00:00-05:00,31.634456634521484
2017-02-15 00:00:00-05:00,31.749267578125
2017-02-16 00:00:00-05:00,31.711780548095703
2017-02-17 00:00:00-05:00,31.798471450805664
2017-02-21 00:00:00-05:00,32.028079986572266
2017-02-22 00:00:00-05:00,32.12413787841797
2017-02-23 00:00:00-05:00,31.988250732421875
2017-02-24 00:00:00-05:00,32.018707275390625
2017-02-27 00:00:00-05:00,32.081966400146484
2017-02-28 00:00:00-05:00,32.09602737426758
2017-03-01 00:00:00-05:00,32.752044677734375
2017-03-02 00:00:00-05:00,32.55759048461914
2017-03-03 00:00:00-05:00,32.74970626831055
2017-03-06 00:00:00-05:00,32.646629333496094
2017-03-07 00:00:00-05:00,32.68879699707031
2017-03-08 00:00:00-05:00,32.566959381103516
2017-03-09 00:00:00-05:00,32.491981506347656
2017-03-10 00:00:00-05:00,32.59975814819336
2017-03-13 00:00:00-04:00,32.61381912231445
2017-03-14 00:00:00-04:00,32.564613342285156
2017-03-15 00:00:00-04:00,32.90902328491211
2017-03-16 00:00:00-04:00,32.962921142578125
2017-03-17 00:00:00-04:00,32.798912048339844
2017-03-20 00:00:00-04:00,33.14332580566406
2017-03-21 00:00:00-04:00,32.76375961303711
2017-03-22 00:00:00-04:00,33.133949279785156
2017-03-23 00:00:00-04:00,33.016807556152344
2017-03-24 00:00:00-04:00,32.951202392578125
2017-03-27 00:00:00-04:00,33.00743103027344
2017-03-28 00:00:00-04:00,33.69158172607422
2017-03-29 00:00:00-04:00,33.76654815673828
2017-03-30 00:00:00-04:00,33.72203063964844
2017-03-31 00:00:00-04:00,33.658775329589844
2017-04-03 00:00:00-04:00,33.66814422607422
2017-04-04 00:00:00-04:00,33.918846130371094
2017-04-05 00:00:00-04:00,33.74311065673828
2017-04-06 00:00:00-04:00,33.658775329589844
2017-04-07 00:00:00-04:00,33.58379364013672
2017-04-10 00:00:00-04:00,33.54396438598633
2017-04-11 00:00:00-04:00,33.183135986328125
2017-04-12 00:00:00-04:00,33.222984313964844
2017-04-13 00:00:00-04:00,33.04726028442383
2017-04-17 00:00:00-04:00,33.23000717163086
2017-04-18 00:00:00-04:00,33.0824089050293
2017-04-19 00:00:00-04:00,32.96057891845703
2017-04-20 00:00:00-04:00,33.372928619384766
2017-04-21 00:00:00-04:00,33.333099365234375
2017-04-24 00:00:00-04:00,33.65408706665039
2017-04-25 00:00:00-04:00,33.86260223388672
2017-04-26 00:00:00-04:00,33.663448333740234
2017-04-27 00:00:00-04:00,33.689239501953125
2017-04-28 00:00:00-04:00,33.656429290771484
2017-05-01 00:00:00-04:00,34.34291458129883
2017-05-02 00:00:00-04:00,34.56081008911133
2017-05-03 00:00:00-04:00,34.45536422729492
2017-05-04 00:00:00-04:00,34.33119201660156
2017-05-05 00:00:00-04:00,34.90053176879883
2017-05-08 00:00:00-04:00,35.849422454833984
2017-05-09 00:00:00-04:00,36.07902908325195
2017-05-10 00:00:00-04:00,35.907989501953125
2017-05-11 00:00:00-04:00,36.21854782104492
2017-05-12 00:00:00-04:00,36.72435760498047
2017-05-15 00:00:00-04:00,36.630252838134766
2017-05-16 00:00:00-04:00,36.57613754272461
2017-05-17 00:00:00-04:00,35.348087310791016
2017-05-18 00:00:00-04:00,35.88682174682617
2017-05-19 00:00:00-04:00,36.00916290283203
2017-05-22 00:00:00-04:00,36.22795104980469
2017-05-23 00:00:00-04:00,36.183258056640625
2017-05-24 00:00:00-04:00,36.07502746582031
2017-05-25 00:00:00-04:00,36.199729919433594
2017-05-26 00:00:00-04:00,36.13855743408203
2017-05-30 00:00:00-04:00,36.15266418457031
2017-05-31 00:00:00-04:00,35.9385871887207
2017-06-01 00:00:00-04:00,36.03739929199219
2017-06-02 00:00:00-04:00,36.57143783569336
2017-06-05 00:00:00-04:00,36.21383285522461
2017-06-06 00:00:00-04:00,36.3361701965332
2017-06-07 00:00:00-04:00,36.5526123046875
2017-06-08 00:00:00-04:00,36.46321105957031
2017-06-09 00:00:00-04:00,35.049293518066406
2017-06-12 00:00:00-04:00,34.211761474609375
2017-06-13 00:00:00-04:00,34.48701095581055
2017-06-14 00:00:00-04:00,34.15058517456055
2017-06-15 00:00:00-04:00,33.945919036865234
2017-06-16 00:00:00-04:00,33.47068405151367
2017-06-19 00:00:00-04:00,34.42819595336914
2017-06-20 00:00:00-04:00,34.115299224853516
2017-06-21 00:00:00-04:00,34.317626953125
2017-06-22 00:00:00-04:00,34.26115798950195
2017-06-23 00:00:00-04:00,34.414093017578125
2017-06-26 00:00:00-04:00,34.30586242675781
2017-06-27 00:00:00-04:00,33.814170837402344
2017-06-28 00:00:00-04:00,34.30821990966797
2017-06-29 00:00:00-04:00,33.802398681640625
2017-06-30 00:00:00-04:00,33.88238525390625
2017-07-03 00:00:00-04:00,33.76006317138672
2017-07-05 00:00:00-04:00,33.898860931396484
2017-07-06 00:00:00-04:00,33.57890319824219
2017-07-07 00:00:00-04:00,33.920040130615234
2017-07-10 00:00:00-04:00,34.127071380615234
2017-07-11 00:00:00-04:00,34.23764419555664
2017-07-12 00:00:00-04:00,34.28704833984375
2017-07-13 00:00:00-04:00,34.76462936401367
2017-07-14 00:00:00-04:00,35.06340789794922
2017-07-17 00:00:00-04:00,35.185752868652344
2017-07-18 00:00:00-04:00,35.30808639526367
2017-07-19 00:00:00-04:00,35.529232025146484
2017-07-20 00:00:00-04:00,35.36924362182617
2017-07-21 00:00:00-04:00,35.352783203125
2017-07-24 00:00:00-04:00,35.78096008300781
2017-07-25 00:00:00-04:00,35.93388366699219
2017-07-26 00:00:00-04:00,36.103267669677734
2017-07-27 00:00:00-04:00,35.42100143432617
2017-07-28 00:00:00-04:00,35.171630859375
2017-07-31 00:00:00-04:00,34.99047088623047
2017-08-01 00:00:00-04:00,35.301025390625
2017-08-02 00:00:00-04:00,36.96902084350586
2017-08-03 00:00:00-04:00,36.59965515136719
2017-08-04 00:00:00-04:00,36.7925910949707
2017-08-07 00:00:00-04:00,37.361915588378906
2017-08-08 00:00:00-04:00,37.66069793701172
2017-08-09 00:00:00-04:00,37.89125061035156
2017-08-10 00:00:00-04:00,36.684349060058594
2017-08-11 00:00:00-04:00,37.19450759887695
2017-08-14 00:00:00-04:00,37.754276275634766
2017-08-15 00:00:00-04:00,38.1676025390625
2017-08-16 00:00:00-04:00,38.014068603515625
2017-08-17 00:00:00-04:00,37.28425979614258
2017-08-18 00:00:00-04:00,37.19922637939453
2017-08-21 00:00:00-04:00,37.130741119384766
2017-08-22 00:00:00-04:00,37.737735748291016
2017-08-23 00:00:00-04:00,37.78496551513672
2017-08-24 00:00:00-04:00,37.61728286743164
2017-08-25 00:00:00-04:00,37.756622314453125
2017-08-28 00:00:00-04:00,38.13689041137695
2017-08-29 00:00:00-04:00,38.476993560791016
2017-08-30 00:00:00-04:00,38.58091735839844
2017-08-31 00:00:00-04:00,38.73444366455078
2017-09-01 00:00:00-04:00,38.74625015258789
2017-09-05 00:00:00-04:00,38.28095626831055
2017-09-06 00:00:00-04:00,38.240814208984375
2017-09-07 00:00:00-04:00,38.08729553222656
2017-09-08 00:00:00-04:00,37.46611785888672
2017-09-11 00:00:00-04:00,38.14398193359375
2017-09-12 00:00:00-04:00,37.99281311035156
2017-09-13 00:00:00-04:00,37.70703125
2017-09-14 00:00:00-04:00,37.383460998535156
2017-09-15 00:00:00-04:00,37.7613525390625
2017-09-18 00:00:00-04:00,37.47556686401367
2017-09-19 00:00:00-04:00,37.48973846435547
2017-09-20 00:00:00-04:00,36.861488342285156
2017-09-21 00:00:00-04:00,36.22850799560547
2017-09-22 00:00:00-04:00,35.874229431152344
2017-09-25 00:00:00-04:00,35.5577392578125
2017-09-26 00:00:00-04:00,36.169456481933594
2017-09-27 00:00:00-04:00,36.4268913269043
2017-09-28 00:00:00-04:00,36.20253372192383
2017-09-29 00:00:00-04:00,36.40092086791992
2017-10-02 00:00:00-04:00,36.32770919799805
2017-10-03 00:00:00-04:00,36.48595428466797
2017-10-04 00:00:00-04:00,36.24977111816406
2017-10-05 00:00:00-04:00,36.70088195800781
2017-10-06 00:00:00-04:00,36.679622650146484
2017-10-09 00:00:00-04:00,36.80716323852539
2017-10-10 00:00:00-04:00,36.82133483886719
2017-10-11 00:00:00-04:00,36.974853515625
2017-10-12 00:00:00-04:00,36.84495544433594
2017-10-13 00:00:00-04:00,37.07877731323242
2017-10-16 00:00:00-04:00,37.7613525390625
2017-10-17 00:00:00-04:00,37.900699615478516
2017-10-18 00:00:00-04:00,37.733009338378906
2017-10-19 00:00:00-04:00,36.84023666381836
2017-10-20 00:00:00-04:00,36.90400695800781
2017-10-23 00:00:00-04:00,36.88510513305664
2017-10-24 00:00:00-04:00,37.10475540161133
2017-10-25 00:00:00-04:00,36.94179153442383
2017-10-26 00:00:00-04:00,37.17797088623047
2017-10-27 00:00:00-04:00,38.51006317138672
2017-10-30 00:00:00-04:00,39.376861572265625
2017-10-31 00:00:00-04:00,39.9248046875
2017-11-01 00:00:00-04:00,39.4170036315918
2017-11-02 00:00:00-04:00,39.705162048339844
2017-11-03 00:00:00-04:00,40.74201583862305
2017-11-06 00:00:00-05:00,41.15534973144531
2017-11-07 00:00:00-05:00,41.28760528564453
2017-11-08 00:00:00-05:00,41.625343322753906
2017-11-09 00:00:00-05:00,41.54032897949219
2017-11-10 00:00:00-05:00,41.4028434753418
2017-11-13 00:00:00-05:00,41.23691177368164
2017-11-14 00:00:00-05:00,40.613521575927734
2017-11-15 00:00:00-05:00,40.077823638916016
2017-11-16 00:00:00-05:00,40.55663299560547
2017-11-17 00:00:00-05:00,40.331443786621094
2017-11-20 00:00:00-05:00,40.29115676879883
2017-11-21 00:00:00-05:00,41.0401725769043
2017-11-22 00:00:00-05:00,41.471580505371094
2017-11-24 00:00:00-05:00,41.47395324707031
2017-11-27 00:00:00-05:00,41.265357971191406
2017-11-28 00:00:00-05:00,41.023590087890625
2017-11-29 00:00:00-05:00,40.172630310058594
2017-11-30 00:00:00-05:00,40.73440170288086
2017-12-01 00:00:00-05:00,40.54478454589844
2017-12-04 00:00:00-05:00,40.24848175048828
2017-12-05 00:00:00-05:00,40.21056365966797
2017-12-06 00:00:00-05:00,40.06122589111328
2017-12-07 00:00:00-05:00,40.13471221923828
2017-12-08 00:00:00-05:00,40.14654541015625
2017-12-11 00:00:00-05:00,40.928775787353516
2017-12-12 00:00:00-05:00,40.69884490966797
2017-12-13 00:00:00-05:00,40.83395767211914
2017-12-14 00:00:00-05:00,40.822105407714844
2017-12-15 00:00:00-05:00,41.23691177368164
2017-12-18 00:00:00-05:00,41.817649841308594
2017-12-19 00:00:00-05:00,41.37203598022461
2017-12-20 00:00:00-05:00,41.32699203491211
2017-12-21 00:00:00-05:00,41.48343276977539
2017-12-22 00:00:00-05:00,41.48343276977539
2017-12-26 00:00:00-05:00,40.430999755859375
2017-12-27 00:00:00-05:00,40.4381103515625
2017-12-28 00:00:00-05:00,40.551883697509766
2017-12-29 00:00:00-05:00,40.11337661743164
2018-01-02 00:00:00-05:00,40.83157730102539
2018-01-03 00:00:00-05:00,40.82447814941406
2018-01-04 00:00:00-05:00,41.014102935791016
2018-01-05 00:00:00-05:00,41.48106384277344
2018-01-08 00:00:00-05:00,41.32699203491211
2018-01-09 00:00:00-05:00,41.32225036621094
2018-01-10 00:00:00-05:00,41.31276321411133
2018-01-11 00:00:00-05:00,41.54743194580078
2018-01-12 00:00:00-05:00,41.976463317871094
2018-01-16 00:00:00-05:00,41.76313400268555
2018-01-17 00:00:00-05:00,42.45290756225586
2018-01-18 00:00:00-05:00,42.49082565307617
2018-01-19 00:00:00-05:00,42.30120849609375
2018-01-22 00:00:00-05:00,41.95513153076172
2018-01-23 00:00:00-05:00,41.96461486816406
2018-01-24 00:00:00-05:00,41.29617691040039
2018-01-25 00:00:00-05:00,40.558998107910156
2018-01-26 00:00:00-05:00,40.65380859375
2018-01-29 00:00:00-05:00,39.812347412109375
2018-01-30 00:00:00-05:00,39.577674865722656
2018-01-31 00:00:00-05:00,39.68670654296875
2018-02-01 00:00:00-05:00,39.76968002319336
2018-02-02 00:00:00-05:00,38.0440673828125
2018-02-05 00:00:00-05:00,37.09354782104492
2018-02-06 00:00:00-05:00,38.643760681152344
2018-02-07 00:00:00-05:00,37.816505432128906
2018-02-08 00:00:00-05:00,36.77592849731445
2018-02-09 00:00:00-05:00,37.225746154785156
2018-02-12 00:00:00-05:00,38.72515106201172
2018-02-13 00:00:00-05:00,39.11309814453125
2018-02-14 00:00:00-05:00,39.83423614501953
2018-02-15 00:00:00-05:00,41.17181396484375
2018-02-16 00:00:00-05:00,41.03852844238281
2018-02-20 00:00:00-05:00,40.90047836303711
2018-02-21 00:00:00-05:00,40.71484375
2018-02-22 00:00:00-05:00,41.055179595947266
2018-02-23 00:00:00-05:00,41.769187927246094
2018-02-26 00:00:00-05:00,42.59505844116211
2018-02-27 00:00:00-05:00,42.45700454711914
2018-02-28 00:00:00-05:00,42.39274597167969
2018-03-01 00:00:00-05:00,41.65018844604492
2018-03-02 00:00:00-05:00,41.93817138671875
2018-03-05 00:00:00-05:00,42.08335494995117
2018-03-06 00:00:00-05:00,42.04764938354492
2018-03-07 00:00:00-05:00,41.65731430053711
2018-03-08 00:00:00-05:00,42.11191177368164
2018-03-09 00:00:00-05:00,42.83543014526367
2018-03-12 00:00:00-04:00,43.24955749511719
2018-03-13 00:00:00-04:00,42.83305740356445
2018-03-14 00:00:00-04:00,42.468910217285156
2018-03-15 00:00:00-04:00,42.518882751464844
2018-03-16 00:00:00-04:00,42.36894607543945
2018-03-19 00:00:00-04:00,41.72159194946289
2018-03-20 00:00:00-04:00,41.70730209350586
2018-03-21 00:00:00-04:00,40.762447357177734
2018-03-22 00:00:00-04:00,40.18647766113281
2018-03-23 00:00:00-04:00,39.25590515136719
2018-03-26 00:00:00-04:00,41.11944580078125
2018-03-27 00:00:00-04:00,40.06510925292969
2018-03-28 00:00:00-04:00,39.6224250793457
2018-03-29 00:00:00-04:00,39.931827545166016
2018-04-02 00:00:00-04:00,39.67002487182617
2018-04-03 00:00:00-04:00,40.076995849609375
2018-04-04 00:00:00-04:00,40.8433723449707
2018-04-05 00:00:00-04:00,41.126583099365234
2018-04-06 00:00:00-04:00,40.074615478515625
2018-04-09 00:00:00-04:00,40.472084045410156
2018-04-10 00:00:00-04:00,41.23368453979492
2018-04-11 00:00:00-04:00,41.04090881347656
2018-04-12 00:00:00-04:00,41.44550323486328
2018-04-13 00:00:00-04:00,41.5859260559082
2018-04-16 00:00:00-04:00,41.845340728759766
2018-04-17 00:00:00-04:00,42.42131805419922
2018-04-18 00:00:00-04:00,42.32611846923828
2018-04-19 00:00:00-04:00,41.126583099365234
2018-04-20 00:00:00-04:00,39.4415397644043
2018-04-23 00:00:00-04:00,39.32729721069336
2018-04-24 00:00:00-04:00,38.77989196777344
2018-04-25 00:00:00-04:00,38.948883056640625
2018-04-26 00:00:00-04:00,39.084537506103516
2018-04-27 00:00:00-04:00,38.6323356628418
2018-04-30 00:00:00-04:00,39.332054138183594
2018-05-01 00:00:00-04:00,40.24598693847656
2018-05-02 00:00:00-04:00,42.02385330200195
2018-05-03 00:00:00-04:00,42.10000991821289
2018-05-04 00:00:00-04:00,43.75173568725586
2018-05-07 00:00:00-04:00,44.06827926635742
2018-05-08 00:00:00-04:00,44.28010177612305
2018-05-09 00:00:00-04:00,44.591880798339844
2018-05-10 00:00:00-04:00,45.22972106933594
2018-05-11 00:00:00-04:00,45.057701110839844
2018-05-14 00:00:00-04:00,44.952579498291016
2018-05-15 00:00:00-04:00,44.54403305053711
2018-05-16 00:00:00-04:00,44.959747314453125
2018-05-17 00:00:00-04:00,44.67543411254883
2018-05-18 00:00:00-04:00,44.51295852661133
2018-05-21 00:00:00-04:00,44.82834243774414
2018-05-22 00:00:00-04:00,44.71604919433594
2018-05-23 00:00:00-04:00,45.002750396728516
2018-05-24 00:00:00-04:00,44.952579498291016
2018-05-25 00:00:00-04:00,45.05530548095703
2018-05-29 00:00:00-04:00,44.89284896850586
2018-05-30 00:00:00-04:00,44.797279357910156
2018-05-31 00:00:00-04:00,44.646759033203125
2018-06-01 00:00:00-04:00,45.45192337036133
2018-06-04 00:00:00-04:00,45.831790924072266
2018-06-05 00:00:00-04:00,46.185386657714844
2018-06-06 00:00:00-04:00,46.3454704284668
2018-06-07 00:00:00-04:00,46.22123336791992
2018-06-08 00:00:00-04:00,45.80073547363281
2018-06-11 00:00:00-04:00,45.688446044921875
2018-06-12 00:00:00-04:00,45.939308166503906
2018-06-13 00:00:00-04:00,45.56182098388672
2018-06-14 00:00:00-04:00,45.58570861816406
2018-06-15 00:00:00-04:00,45.117427825927734
2018-06-18 00:00:00-04:00,45.093536376953125
2018-06-19 00:00:00-04:00,44.364837646484375
2018-06-20 00:00:00-04:00,44.558349609375
2018-06-21 00:00:00-04:00,44.30987548828125
2018-06-22 00:00:00-04:00,44.180870056152344
2018-06-25 00:00:00-04:00,43.52383041381836
2018-06-26 00:00:00-04:00,44.063785552978516
2018-06-27 00:00:00-04:00,43.99928665161133
2018-06-28 00:00:00-04:00,44.31945037841797
2018-06-29 00:00:00-04:00,44.226261138916016
2018-07-02 00:00:00-04:00,44.720821380615234
2018-07-03 00:00:00-04:00,43.94194412231445
2018-07-05 00:00:00-04:00,44.29555130004883
2018-07-06 00:00:00-04:00,44.90958023071289
2018-07-09 00:00:00-04:00,45.53314971923828
2018-07-10 00:00:00-04:00,45.47819900512695
2018-07-11 00:00:00-04:00,44.88806915283203
2018-07-12 00:00:00-04:00,45.64065933227539
2018-07-13 00:00:00-04:00,45.71234130859375
2018-07-16 00:00:00-04:00,45.61199188232422
2018-07-17 00:00:00-04:00,45.741004943847656
2018-07-18 00:00:00-04:00,45.49014663696289
2018-07-19 00:00:00-04:00,45.84374237060547
2018-07-20 00:00:00-04:00,45.738616943359375
2018-07-23 00:00:00-04:00,45.779232025146484
2018-07-24 00:00:00-04:00,46.111328125
2018-07-25 00:00:00-04:00,46.546165466308594
2018-07-26 00:00:00-04:00,46.40042495727539
2018-07-27 00:00:00-04:00,45.62871170043945
2018-07-30 00:00:00-04:00,45.37307357788086
2018-07-31 00:00:00-04:00,45.46385955810547
2018-08-01 00:00:00-04:00,48.14214324951172
2018-08-02 00:00:00-04:00,49.54937744140625
2018-08-03 00:00:00-04:00,49.692718505859375
2018-08-06 00:00:00-04:00,49.95075988769531
2018-08-07 00:00:00-04:00,49.482479095458984
2018-08-08 00:00:00-04:00,49.51592254638672
2018-08-09 00:00:00-04:00,49.90536117553711
2018-08-10 00:00:00-04:00,49.756717681884766
2018-08-13 00:00:00-04:00,50.0779914855957
2018-08-14 00:00:00-04:00,50.28899002075195
2018-08-15 00:00:00-04:00,50.40645217895508
2018-08-16 00:00:00-04:00,51.144901275634766
2018-08-17 00:00:00-04:00,52.16627883911133
2018-08-20 00:00:00-04:00,51.65798568725586
2018-08-21 00:00:00-04:00,51.55729675292969
2018-08-22 00:00:00-04:00,51.5596923828125
2018-08-23 00:00:00-04:00,51.66518020629883
2018-08-24 00:00:00-04:00,51.82581329345703
2018-08-27 00:00:00-04:00,52.252586364746094
2018-08-28 00:00:00-04:00,52.67455291748047
2018-08-29 00:00:00-04:00,53.460960388183594
2018-08-30 00:00:00-04:00,53.95246124267578
2018-08-31 00:00:00-04:00,54.57583236694336
2018-09-04 00:00:00-04:00,54.750850677490234
2018-09-05 00:00:00-04:00,54.39361572265625
2018-09-06 00:00:00-04:00,53.48973083496094
2018-09-07 00:00:00-04:00,53.058170318603516
2018-09-10 00:00:00-04:00,52.346092224121094
2018-09-11 00:00:00-04:00,53.66954803466797
2018-09-12 00:00:00-04:00,53.003028869628906
2018-09-13 00:00:00-04:00,54.2833251953125
2018-09-14 00:00:00-04:00,53.667144775390625
2018-09-17 00:00:00-04:00,52.23820495605469
2018-09-18 00:00:00-04:00,52.32451629638672
2018-09-19 00:00:00-04:00,52.35567855834961
2018-09-20 00:00:00-04:00,52.75366973876953
2018-09-21 00:00:00-04:00,52.185447692871094
2018-09-24 00:00:00-04:00,52.935890197753906
2018-09-25 00:00:00-04:00,53.27155303955078
2018-09-26 00:00:00-04:00,52.84718322753906
2018-09-27 00:00:00-04:00,53.93327713012695
2018-09-28 00:00:00-04:00,54.1226806640625
2018-10-01 00:00:00-04:00,54.487117767333984
2018-10-02 00:00:00-04:00,54.97142791748047
2018-10-03 00:00:00-04:00,55.640357971191406
2018-10-04 00:00:00-04:00,54.662147521972656
2018-10-05 00:00:00-04:00,53.77503967285156
2018-10-08 00:00:00-04:00,53.650367736816406
2018-10-09 00:00:00-04:00,54.39361572265625
2018-10-10 00:00:00-04:00,51.8737678527832
2018-10-11 00:00:00-04:00,51.415836334228516
2018-10-12 00:00:00-04:00,53.25237274169922
2018-10-15 00:00:00-04:00,52.113521575927734
2018-10-16 00:00:00-04:00,53.2619514465332
2018-10-17 00:00:00-04:00,53.03179931640625
2018-10-18 00:00:00-04:00,51.79225540161133
2018-10-19 00:00:00-04:00,52.58104705810547
2018-10-22 00:00:00-04:00,52.902320861816406
2018-10-23 00:00:00-04:00,53.40101623535156
2018-10-24 00:00:00-04:00,51.56927490234375
2018-10-25 00:00:00-04:00,52.69852828979492
2018-10-26 00:00:00-04:00,51.859375
2018-10-29 00:00:00-04:00,50.88597106933594
2018-10-30 00:00:00-04:00,51.14011001586914
2018-10-31 00:00:00-04:00,52.47315979003906
2018-11-01 00:00:00-04:00,53.27874755859375
2018-11-02 00:00:00-04:00,49.744728088378906
2018-11-05 00:00:00-05:00,48.33256149291992
2018-11-06 00:00:00-05:00,48.85523223876953
2018-11-07 00:00:00-05:00,50.336936950683594
2018-11-08 00:00:00-05:00,50.16130065917969
2018-11-09 00:00:00-05:00,49.194114685058594
2018-11-12 00:00:00-05:00,46.715999603271484
2018-11-13 00:00:00-05:00,46.24924850463867
2018-11-14 00:00:00-05:00,44.94282913208008
2018-11-15 00:00:00-05:00,46.05195617675781
2018-11-16 00:00:00-05:00,46.56201171875
2018-11-19 00:00:00-05:00,44.7166633605957
2018-11-20 00:00:00-05:00,42.580204010009766
2018-11-21 00:00:00-05:00,42.53208923339844
2018-11-23 00:00:00-05:00,41.451805114746094
2018-11-26 00:00:00-05:00,42.01240539550781
2018-11-27 00:00:00-05:00,41.92097473144531
2018-11-28 00:00:00-05:00,43.5329475402832
2018-11-29 00:00:00-05:00,43.19852828979492
2018-11-30 00:00:00-05:00,42.965152740478516
2018-12-03 00:00:00-05:00,44.466453552246094
2018-12-04 00:00:00-05:00,42.51042938232422
2018-12-06 00:00:00-05:00,42.03644943237305
2018-12-07 00:00:00-05:00,40.537559509277344
2018-12-10 00:00:00-05:00,40.80462646484375
2018-12-11 00:00:00-05:00,40.57124710083008
2018-12-12 00:00:00-05:00,40.684329986572266
2018-12-13 00:00:00-05:00,41.129425048828125
2018-12-14 00:00:00-05:00,39.81338119506836
2018-12-17 00:00:00-05:00,39.44286346435547
2018-12-18 00:00:00-05:00,39.9553337097168
2018-12-19 00:00:00-05:00,38.70905303955078
2018-12-20 00:00:00-05:00,37.73225021362305
2018-12-21 00:00:00-05:00,36.264625549316406
2018-12-24 00:00:00-05:00,35.32630920410156
2018-12-26 00:00:00-05:00,37.81404113769531
2018-12-27 00:00:00-05:00,37.56863784790039
2018-12-28 00:00:00-05:00,37.587886810302734
2018-12-31 00:00:00-05:00,37.951194763183594
2019-01-02 00:00:00-05:00,37.99448776245117
2019-01-03 00:00:00-05:00,34.209964752197266
2019-01-04 00:00:00-05:00,35.67036056518555
2019-01-07 00:00:00-05:00,35.590965270996094
2019-01-08 00:00:00-05:00,36.26943588256836
2019-01-09 00:00:00-05:00,36.88535690307617
2019-01-10 00:00:00-05:00,37.00325012207031
2019-01-11 00:00:00-05:00,36.63995361328125
2019-01-14 00:00:00-05:00,36.088993072509766
2019-01-15 00:00:00-05:00,36.82762145996094
2019-01-16 00:00:00-05:00,37.277530670166016
2019-01-17 00:00:00-05:00,37.498863220214844
2019-01-18 00:00:00-05:00,37.72985076904297
2019-01-22 00:00:00-05:00,36.88295364379883
2019-01-23 00:00:00-05:00,37.03211975097656
2019-01-24 00:00:00-05:00,36.73859405517578
2019-01-25 00:00:00-05:00,37.955997467041016
2019-01-28 00:00:00-05:00,37.6047248840332
2019-01-29 00:00:00-05:00,37.2149658203125
2019-01-30 00:00:00-05:00,39.758033752441406
2019-01-31 00:00:00-05:00,40.04435348510742
2019-02-01 00:00:00-05:00,40.0635986328125
2019-02-04 00:00:00-05:00,41.20159912109375
2019-02-05 00:00:00-05:00,41.90653991699219
2019-02-06 00:00:00-05:00,41.92097473144531
2019-02-07 00:00:00-05:00,41.12701416015625
2019-02-08 00:00:00-05:00,41.17534637451172
2019-02-11 00:00:00-05:00,40.93854522705078
2019-02-12 00:00:00-05:00,41.291316986083984
2019-02-13 00:00:00-05:00,41.1197624206543
2019-02-14 00:00:00-05:00,41.26958084106445
2019-02-15 00:00:00-05:00,41.17776107788086
2019-02-19 00:00:00-05:00,41.30099105834961
2019-02-20 00:00:00-05:00,41.566776275634766
2019-02-21 00:00:00-05:00,41.332401275634766
2019-02-22 00:00:00-05:00,41.793907165527344
2019-02-25 00:00:00-05:00,42.09834671020508
2019-02-26 00:00:00-05:00,42.12251663208008
2019-02-27 00:00:00-05:00,42.252986907958984
2019-02-28 00:00:00-05:00,41.83739471435547
2019-03-01 00:00:00-05:00,42.27715301513672
2019-03-04 00:00:00-05:00,42.48978042602539
2019-03-05 00:00:00-05:00,42.41246032714844
2019-03-06 00:00:00-05:00,42.16843032836914
2019-03-07 00:00:00-05:00,41.68034362792969
2019-03-08 00:00:00-05:00,41.77941131591797
2019-03-11 00:00:00-04:00,43.226741790771484
2019-03-12 00:00:00-04:00,43.71240234375
2019-03-13 00:00:00-04:00,43.90571594238281
2019-03-14 00:00:00-04:00,44.39378356933594
2019-03-15 00:00:00-04:00,44.97126770019531
2019-03-18 00:00:00-04:00,45.43036651611328
2019-03-19 00:00:00-04:00,45.07033920288086
2019-03-20 00:00:00-04:00,45.46418380737305
2019-03-21 00:00:00-04:00,47.138641357421875
2019-03-22 00:00:00-04:00,46.16249465942383
2019-03-25 00:00:00-04:00,45.60432815551758
2019-03-26 00:00:00-04:00,45.13317108154297
2019-03-27 00:00:00-04:00,45.53908920288086
2019-03-28 00:00:00-04:00,45.59949493408203
2019-03-29 00:00:00-04:00,45.896697998046875
2019-04-01 00:00:00-04:00,46.20839309692383
2019-04-02 00:00:00-04:00,46.88011169433594
2019-04-03 00:00:00-04:00,47.20146560668945
2019-04-04 00:00:00-04:00,47.283626556396484
2019-04-05 00:00:00-04:00,47.60015106201172
2019-04-08 00:00:00-04:00,48.34919357299805
2019-04-09 00:00:00-04:00,48.2042121887207
2019-04-10 00:00:00-04:00,48.47483444213867
2019-04-11 00:00:00-04:00,48.071311950683594
2019-04-12 00:00:00-04:00,48.05198669433594
2019-04-15 00:00:00-04:00,48.13898849487305
2019-04-16 00:00:00-04:00,48.1438102722168
2019-04-17 00:00:00-04:00,49.08131790161133
2019-04-18 00:00:00-04:00,49.2577018737793
2019-04-22 00:00:00-04:00,49.419593811035156
2019-04-23 00:00:00-04:00,50.13238525390625
2019-04-24 00:00:00-04:00,50.05507278442383
2019-04-25 00:00:00-04:00,49.600807189941406
2019-04-26 00:00:00-04:00,49.364017486572266
2019-04-29 00:00:00-04:00,49.43891906738281
2019-04-30 00:00:00-04:00,48.486915588378906
2019-05-01 00:00:00-04:00,50.86692428588867
2019-05-02 00:00:00-04:00,50.5359001159668
2019-05-03 00:00:00-04:00,51.164127349853516
2019-05-06 00:00:00-04:00,50.374019622802734
2019-05-07 00:00:00-04:00,49.016075134277344
2019-05-08 00:00:00-04:00,49.02573776245117
2019-05-09 00:00:00-04:00,48.49899673461914
2019-05-10 00:00:00-04:00,47.82712173461914
2019-05-13 00:00:00-04:00,45.04743576049805
2019-05-14 00:00:00-04:00,45.76054763793945
2019-05-15 00:00:00-04:00,46.30873489379883
2019-05-16 00:00:00-04:00,46.10497283935547
2019-05-17 00:00:00-04:00,45.843017578125
2019-05-20 00:00:00-04:00,44.409507751464844
2019-05-21 00:00:00-04:00,45.26088333129883
2019-05-22 00:00:00-04:00,44.334320068359375
2019-05-23 00:00:00-04:00,43.57755661010742
2019-05-24 00:00:00-04:00,43.410179138183594
2019-05-28 00:00:00-04:00,43.23068618774414
2019-05-29 00:00:00-04:00,43.02451705932617
2019-05-30 00:00:00-04:00,43.247676849365234
2019-05-31 00:00:00-04:00,42.46421813964844
2019-06-03 00:00:00-04:00,42.03488540649414
2019-06-04 00:00:00-04:00,43.57270050048828
2019-06-05 00:00:00-04:00,44.27610778808594
2019-06-06 00:00:00-04:00,44.92615509033203
2019-06-07 00:00:00-04:00,46.12195587158203
2019-06-10 00:00:00-04:00,46.71136474609375
2019-06-11 00:00:00-04:00,47.252262115478516
2019-06-12 00:00:00-04:00,47.101890563964844
2019-06-13 00:00:00-04:00,47.09218215942383
2019-06-14 00:00:00-04:00,46.75018310546875
2019-06-17 00:00:00-04:00,47.02911376953125
2019-06-18 00:00:00-04:00,48.13516616821289
2019-06-19 00:00:00-04:00,47.994483947753906
2019-06-20 00:00:00-04:00,48.38015365600586
2019-06-21 00:00:00-04:00,48.215206146240234
2019-06-24 00:00:00-04:00,48.16669464111328
2019-06-25 00:00:00-04:00,47.436607360839844
2019-06-26 00:00:00-04:00,48.462615966796875
2019-06-27 00:00:00-04:00,48.448062896728516
2019-06-28 00:00:00-04:00,48.00661849975586
2019-07-01 00:00:00-04:00,48.8870849609375
2019-07-02 00:00:00-04:00,49.17331314086914
2019-07-03 00:00:00-04:00,49.58080291748047
2019-07-05 00:00:00-04:00,49.53713607788086
2019-07-08 00:00:00-04:00,48.5159797668457
2019-07-09 00:00:00-04:00,48.8119010925293
2019-07-10 00:00:00-04:00,49.294578552246094
2019-07-11 00:00:00-04:00,48.93559646606445
2019-07-12 00:00:00-04:00,49.311561584472656
2019-07-15 00:00:00-04:00,49.77485275268555
2019-07-16 00:00:00-04:00,49.602630615234375
2019-07-17 00:00:00-04:00,49.32369613647461
2019-07-18 00:00:00-04:00,49.883995056152344
2019-07-19 00:00:00-04:00,49.13935089111328
2019-07-22 00:00:00-04:00,50.26237487792969
2019-07-23 00:00:00-04:00,50.65531921386719
2019-07-24 00:00:00-04:00,50.61408996582031
2019-07-25 00:00:00-04:00,50.21387481689453
2019-07-26 00:00:00-04:00,50.388511657714844
2019-07-29 00:00:00-04:00,50.85906982421875
2019-07-30 00:00:00-04:00,50.64076614379883
2019-07-31 00:00:00-04:00,51.674049377441406
2019-08-01 00:00:00-04:00,50.555870056152344
2019-08-02 00:00:00-04:00,49.486202239990234
2019-08-05 00:00:00-04:00,46.895713806152344
2019-08-06 00:00:00-04:00,47.7834587097168
2019-08-07 00:00:00-04:00,48.27827453613281
2019-08-08 00:00:00-04:00,49.34309768676758
2019-08-09 00:00:00-04:00,48.93648910522461
2019-08-12 00:00:00-04:00,48.81231689453125
2019-08-13 00:00:00-04:00,50.879432678222656
2019-08-14 00:00:00-04:00,49.36500930786133
2019-08-15 00:00:00-04:00,49.11909103393555
2019-08-16 00:00:00-04:00,50.27804946899414
2019-08-19 00:00:00-04:00,51.2154426574707
2019-08-20 00:00:00-04:00,51.217872619628906
2019-08-21 00:00:00-04:00,51.77299499511719
2019-08-22 00:00:00-04:00,51.72916793823242
2019-08-23 00:00:00-04:00,49.33823013305664
2019-08-26 00:00:00-04:00,50.275611877441406
2019-08-27 00:00:00-04:00,49.70831298828125
2019-08-28 00:00:00-04:00,50.041873931884766
2019-08-29 00:00:00-04:00,50.88917541503906
2019-08-30 00:00:00-04:00,50.82344055175781
2019-09-03 00:00:00-04:00,50.0832633972168
2019-09-04 00:00:00-04:00,50.93300247192383
2019-09-05 00:00:00-04:00,51.9288215637207
2019-09-06 00:00:00-04:00,51.92395782470703
2019-09-09 00:00:00-04:00,52.1455192565918
2019-09-10 00:00:00-04:00,52.761512756347656
2019-09-11 00:00:00-04:00,54.43907165527344
2019-09-12 00:00:00-04:00,54.31733703613281
2019-09-13 00:00:00-04:00,53.260643005371094
2019-09-16 00:00:00-04:00,53.5406379699707
2019-09-17 00:00:00-04:00,53.73542404174805
2019-09-18 00:00:00-04:00,54.23942947387695
2019-09-19 00:00:00-04:00,53.79872512817383
2019-09-20 00:00:00-04:00,53.01229476928711
2019-09-23 00:00:00-04:00,53.25333786010742
2019-09-24 00:00:00-04:00,53.000118255615234
2019-09-25 00:00:00-04:00,53.81576919555664
2019-09-26 00:00:00-04:00,53.5382080078125
2019-09-27 00:00:00-04:00,53.27769088745117
2019-09-30 00:00:00-04:00,54.531593322753906
2019-10-01 00:00:00-04:00,54.68254089355469
2019-10-02 00:00:00-04:00,53.31178665161133
2019-10-03 00:00:00-04:00,53.7646484375
2019-10-04 00:00:00-04:00,55.27176284790039
2019-10-07 00:00:00-04:00,55.283939361572266
2019-10-08 00:00:00-04:00,54.636295318603516
2019-10-09 00:00:00-04:00,55.276634216308594
2019-10-10 00:00:00-04:00,56.021671295166016
2019-10-11 00:00:00-04:00,57.51176834106445
2019-10-14 00:00:00-04:00,57.42897033691406
2019-10-15 00:00:00-04:00,57.2950553894043
2019-10-16 00:00:00-04:00,57.06375503540039
2019-10-17 00:00:00-04:00,57.285316467285156
2019-10-18 00:00:00-04:00,57.56045150756836
2019-10-21 00:00:00-04:00,58.55870819091797
2019-10-22 00:00:00-04:00,58.424800872802734
2019-10-23 00:00:00-04:00,59.20878601074219
2019-10-24 00:00:00-04:00,59.30618667602539
2019-10-25 00:00:00-04:00,60.03660583496094
2019-10-28 00:00:00-04:00,60.63800048828125
2019-10-29 00:00:00-04:00,59.23557662963867
2019-10-30 00:00:00-04:00,59.228267669677734
2019-10-31 00:00:00-04:00,60.5673942565918
2019-11-01 00:00:00-04:00,62.28635025024414
2019-11-04 00:00:00-05:00,62.69538879394531
2019-11-05 00:00:00-05:00,62.60530090332031
2019-11-06 00:00:00-05:00,62.632080078125
2019-11-07 00:00:00-05:00,63.35493850708008
2019-11-08 00:00:00-05:00,63.52833557128906
2019-11-11 00:00:00-05:00,64.03141021728516
2019-11-12 00:00:00-05:00,63.972782135009766
2019-11-13 00:00:00-05:00,64.58574676513672
2019-11-14 00:00:00-05:00,64.13885498046875
2019-11-15 00:00:00-05:00,64.9007797241211
2019-11-18 00:00:00-05:00,65.2280044555664
2019-11-19 00:00:00-05:00,65.03021240234375
2019-11-20 00:00:00-05:00,64.2731704711914
2019-11-21 00:00:00-05:00,63.98499298095703
2019-11-22 00:00:00-05:00,63.92881774902344
2019-11-25 00:00:00-05:00,65.04975128173828
2019-11-26 00:00:00-05:00,64.54179382324219
2019-11-27 00:00:00-05:00,65.40872955322266
2019-11-29 00:00:00-05:00,65.2646484375
2019-12-02 00:00:00-05:00,64.51004791259766
2019-12-03 00:00:00-05:00,63.35982894897461
2019-12-04 00:00:00-05:00,63.91904067993164
2019-12-05 00:00:00-05:00,64.8568115234375
2019-12-06 00:00:00-05:00,66.10960388183594
2019-12-09 00:00:00-05:00,65.18406677246094
2019-12-10 00:00:00-05:00,65.56503295898438
2019-12-11 00:00:00-05:00,66.12425231933594
2019-12-12 00:00:00-05:00,66.29277038574219
2019-12-13 00:00:00-05:00,67.19388580322266
2019-12-16 00:00:00-05:00,68.34410858154297
2019-12-17 00:00:00-05:00,68.47843933105469
2019-12-18 00:00:00-05:00,68.31480407714844
2019-12-19 00:00:00-05:00,68.38318634033203
2019-12-20 00:00:00-05:00,68.24153900146484
2019-12-23 00:00:00-05:00,69.35513305664062
2019-12-24 00:00:00-05:00,69.42106628417969
2019-12-26 00:00:00-05:00,70.79840850830078
2019-12-27 00:00:00-05:00,70.77153778076172
2019-12-30 00:00:00-05:00,71.19155883789062
2019-12-31 00:00:00-05:00,71.71174621582031
2020-01-02 00:00:00-05:00,73.3479232788086
2020-01-03 00:00:00-05:00,72.63484954833984
2020-01-06 00:00:00-05:00,73.21363067626953
2020-01-07 00:00:00-05:00,72.86929321289062
2020-01-08 00:00:00-05:00,74.0414810180664
2020-01-09 00:00:00-05:00,75.61418151855469
2020-01-10 00:00:00-05:00,75.7851333618164
2020-01-13 00:00:00-05:00,77.40423583984375
2020-01-14 00:00:00-05:00,76.35902404785156
2020-01-15 00:00:00-05:00,76.03177642822266
2020-01-16 00:00:00-05:00,76.98419952392578
2020-01-17 00:00:00-05:00,77.83647918701172
2020-01-21 00:00:00-05:00,77.3089828491211
2020-01-22 00:00:00-05:00,77.58495330810547
2020-01-23 00:00:00-05:00,77.95858764648438
2020-01-24 00:00:00-05:00,77.7339096069336
2020-01-27 00:00:00-05:00,75.44813537597656
2020-01-28 00:00:00-05:00,77.58250427246094
2020-01-29 00:00:00-05:00,79.20649719238281
2020-01-30 00:00:00-05:00,79.09171295166016
2020-01-31 00:00:00-05:00,75.58488464355469
2020-02-03 00:00:00-05:00,75.37730407714844
2020-02-04 00:00:00-05:00,77.86579895019531
2020-02-05 00:00:00-05:00,78.50072479248047
2020-02-06 00:00:00-05:00,79.41896057128906
2020-02-07 00:00:00-05:00,78.33944702148438
2020-02-10 00:00:00-05:00,78.71149444580078
2020-02-11 00:00:00-05:00,78.23662567138672
2020-02-12 00:00:00-05:00,80.09455871582031
2020-02-13 00:00:00-05:00,79.52420043945312
2020-02-14 00:00:00-05:00,79.54378509521484
2020-02-18 00:00:00-05:00,78.08729553222656
2020-02-19 00:00:00-05:00,79.21822357177734
2020-02-20 00:00:00-05:00,78.40553283691406
2020-02-21 00:00:00-05:00,76.63082122802734
2020-02-24 00:00:00-05:00,72.99081420898438
2020-02-25 00:00:00-05:00,70.51847076416016
2020-02-26 00:00:00-05:00,71.63714599609375
2020-02-27 00:00:00-05:00,66.95436096191406
2020-02-28 00:00:00-05:00,66.9151840209961
2020-03-02 00:00:00-05:00,73.14502716064453
2020-03-03 00:00:00-05:00,70.82200622558594
2020-03-04 00:00:00-05:00,74.10706329345703
2020-03-05 00:00:00-05:00,71.70326232910156
2020-03-06 00:00:00-05:00,70.75101470947266
2020-03-09 00:00:00-04:00,65.15518188476562
2020-03-10 00:00:00-04:00,69.8477554321289
2020-03-11 00:00:00-04:00,67.42190551757812
2020-03-12 00:00:00-04:00,60.763675689697266
2020-03-13 00:00:00-04:00,68.04367065429688
2020-03-16 00:00:00-04:00,59.29005432128906
2020-03-17 00:00:00-04:00,61.89704132080078
2020-03-18 00:00:00-04:00,60.38180923461914
2020-03-19 00:00:00-04:00,59.919158935546875
2020-03-20 00:00:00-04:00,56.11515426635742
2020-03-23 00:00:00-04:00,54.92303466796875
2020-03-24 00:00:00-04:00,60.4332160949707
2020-03-25 00:00:00-04:00,60.10029983520508
2020-03-26 00:00:00-04:00,63.26295471191406
2020-03-27 00:00:00-04:00,60.64372634887695
2020-03-30 00:00:00-04:00,62.37437057495117
2020-03-31 00:00:00-04:00,62.2470817565918
2020-04-01 00:00:00-04:00,58.97182846069336
2020-04-02 00:00:00-04:00,59.95587158203125
2020-04-03 00:00:00-04:00,59.094215393066406
2020-04-06 00:00:00-04:00,64.24945068359375
2020-04-07 00:00:00-04:00,63.50530242919922
2020-04-08 00:00:00-04:00,65.13069152832031
2020-04-09 00:00:00-04:00,65.60067749023438
2020-04-13 00:00:00-04:00,66.88827514648438
2020-04-14 00:00:00-04:00,70.26632690429688
2020-04-15 00:00:00-04:00,69.62498474121094
2020-04-16 00:00:00-04:00,70.17822265625
2020-04-17 00:00:00-04:00,69.22599029541016
2020-04-20 00:00:00-04:00,67.78907775878906
2020-04-21 00:00:00-04:00,65.69369506835938
2020-04-22 00:00:00-04:00,67.58592224121094
2020-04-23 00:00:00-04:00,67.323974609375
2020-04-24 00:00:00-04:00,69.26759338378906
2020-04-27 00:00:00-04:00,69.31655883789062
2020-04-28 00:00:00-04:00,68.19297790527344
2020-04-29 00:00:00-04:00,70.43279266357422
2020-04-30 00:00:00-04:00,71.91865539550781
2020-05-01 00:00:00-04:00,70.76080322265625
2020-05-04 00:00:00-04:00,71.7619857788086
2020-05-05 00:00:00-04:00,72.83905792236328
2020-05-06 00:00:00-04:00,73.59056091308594
2020-05-07 00:00:00-04:00,74.35185241699219
2020-05-08 00:00:00-04:00,76.12153625488281
2020-05-11 00:00:00-04:00,77.31934356689453
2020-05-12 00:00:00-04:00,76.43571472167969
2020-05-13 00:00:00-04:00,75.51282501220703
2020-05-14 00:00:00-04:00,75.97673034667969
2020-05-15 00:00:00-04:00,75.52754211425781
2020-05-18 00:00:00-04:00,77.30706024169922
2020-05-19 00:00:00-04:00,76.86034393310547
2020-05-20 00:00:00-04:00,78.35514831542969
2020-05-21 00:00:00-04:00,77.7709732055664
2020-05-22 00:00:00-04:00,78.27168273925781
2020-05-26 00:00:00-04:00,77.74151611328125
2020-05-27 00:00:00-04:00,78.08023071289062
2020-05-28 00:00:00-04:00,78.11457824707031
2020-05-29 00:00:00-04:00,78.03850555419922
2020-06-01 00:00:00-04:00,78.99822235107422
2020-06-02 00:00:00-04:00,79.36393737792969
2020-06-03 00:00:00-04:00,79.80084991455078
2020-06-04 00:00:00-04:00,79.11358642578125
2020-06-05 00:00:00-04:00,81.36681365966797
2020-06-08 00:00:00-04:00,81.847900390625
2020-06-09 00:00:00-04:00,84.4324951171875
2020-06-10 00:00:00-04:00,86.60472106933594
2020-06-11 00:00:00-04:00,82.44679260253906
2020-06-12 00:00:00-04:00,83.15860748291016
2020-06-15 00:00:00-04:00,84.1870346069336
2020-06-16 00:00:00-04:00,86.4181900024414
2020-06-17 00:00:00-04:00,86.29791259765625
2020-06-18 00:00:00-04:00,86.33228302001953
2020-06-19 00:00:00-04:00,85.83892059326172
2020-06-22 00:00:00-04:00,88.08480834960938
2020-06-23 00:00:00-04:00,89.9649429321289
2020-06-24 00:00:00-04:00,88.37686920166016
2020-06-25 00:00:00-04:00,89.55013275146484
2020-06-26 00:00:00-04:00,86.79864501953125
2020-06-29 00:00:00-04:00,88.79904174804688
2020-06-30 00:00:00-04:00,89.54032135009766
2020-07-01 00:00:00-04:00,89.3709487915039
2020-07-02 00:00:00-04:00,89.3709487915039
2020-07-06 00:00:00-04:00,91.76165771484375
2020-07-07 00:00:00-04:00,91.47692108154297
2020-07-08 00:00:00-04:00,93.607421875
2020-07-09 00:00:00-04:00,94.00997161865234
2020-07-10 00:00:00-04:00,94.1744155883789
2020-07-13 00:00:00-04:00,93.7399673461914
2020-07-14 00:00:00-04:00,95.29122161865234
2020-07-15 00:00:00-04:00,95.9465560913086
2020-07-16 00:00:00-04:00,94.76597595214844
2020-07-17 00:00:00-04:00,94.57450103759766
2020-07-20 00:00:00-04:00,96.56755828857422
2020-07-21 00:00:00-04:00,95.2347640991211
2020-07-22 00:00:00-04:00,95.5022964477539
2020-07-23 00:00:00-04:00,91.15538024902344
2020-07-24 00:00:00-04:00,90.92957305908203
2020-07-27 00:00:00-04:00,93.08460998535156
2020-07-28 00:00:00-04:00,91.55547332763672
2020-07-29 00:00:00-04:00,93.31043243408203
2020-07-30 00:00:00-04:00,94.43949890136719
2020-07-31 00:00:00-04:00,104.3262710571289
2020-08-03 00:00:00-04:00,106.95503234863281
2020-08-04 00:00:00-04:00,107.66928100585938
2020-08-05 00:00:00-04:00,108.0595474243164
2020-08-06 00:00:00-04:00,111.82967376708984
2020-08-07 00:00:00-04:00,109.28713989257812
2020-08-10 00:00:00-04:00,110.87560272216797
2020-08-11 00:00:00-04:00,107.57817077636719
2020-08-12 00:00:00-04:00,111.15347290039062
2020-08-13 00:00:00-04:00,113.12059783935547
2020-08-14 00:00:00-04:00,113.01979064941406
2020-08-17 00:00:00-04:00,112.7247085571289
2020-08-18 00:00:00-04:00,113.66403198242188
2020-08-19 00:00:00-04:00,113.806640625
2020-08-20 00:00:00-04:00,116.33197021484375
2020-08-21 00:00:00-04:00,122.32682800292969
2020-08-24 00:00:00-04:00,123.7899169921875
2020-08-25 00:00:00-04:00,122.77436065673828
2020-08-26 00:00:00-04:00,124.44398498535156
2020-08-27 00:00:00-04:00,122.9563217163086
2020-08-28 00:00:00-04:00,122.75715637207031
2020-08-31 00:00:00-04:00,126.92011260986328
2020-09-01 00:00:00-04:00,131.9756622314453
2020-09-02 00:00:00-04:00,129.2413330078125
2020-09-03 00:00:00-04:00,118.89417266845703
2020-09-04 00:00:00-04:00,118.97284698486328
2020-09-08 00:00:00-04:00,110.9665756225586
2020-09-09 00:00:00-04:00,115.39266204833984
2020-09-10 00:00:00-04:00,111.62557983398438
2020-09-11 00:00:00-04:00,110.16004943847656
2020-09-14 00:00:00-04:00,113.46484375
2020-09-15 00:00:00-04:00,113.64189910888672
2020-09-16 00:00:00-04:00,110.28793334960938
2020-09-17 00:00:00-04:00,108.52732849121094
2020-09-18 00:00:00-04:00,105.0848159790039
2020-09-21 00:00:00-04:00,108.27159118652344
2020-09-22 00:00:00-04:00,109.9731674194336
2020-09-23 00:00:00-04:00,105.36021423339844
2020-09-24 00:00:00-04:00,106.44214630126953
2020-09-25 00:00:00-04:00,110.43545532226562
2020-09-28 00:00:00-04:00,113.07141876220703
2020-09-29 00:00:00-04:00,112.21571350097656
2020-09-30 00:00:00-04:00,113.90745544433594
2020-10-01 00:00:00-04:00,114.87136840820312
2020-10-02 00:00:00-04:00,111.16329193115234
2020-10-05 00:00:00-04:00,114.58612060546875
2020-10-06 00:00:00-04:00,111.30101013183594
2020-10-07 00:00:00-04:00,113.18946075439453
2020-10-08 00:00:00-04:00,113.08126068115234
2020-10-09 00:00:00-04:00,115.04840850830078
2020-10-12 00:00:00-04:00,122.35635375976562
2020-10-13 00:00:00-04:00,119.11055755615234
2020-10-14 00:00:00-04:00,119.19908905029297
2020-10-15 00:00:00-04:00,118.72695922851562
2020-10-16 00:00:00-04:00,117.06472778320312
2020-10-19 00:00:00-04:00,114.07466888427734
2020-10-20 00:00:00-04:00,115.57954406738281
2020-10-21 00:00:00-04:00,114.95005798339844
2020-10-22 00:00:00-04:00,113.84843444824219
2020-10-23 00:00:00-04:00,113.15011596679688
2020-10-26 00:00:00-04:00,113.15994262695312
2020-10-27 00:00:00-04:00,114.68447875976562
2020-10-28 00:00:00-04:00,109.37319946289062
2020-10-29 00:00:00-04:00,113.42550659179688
2020-10-30 00:00:00-04:00,107.07164764404297
2020-11-02 00:00:00-05:00,106.98311614990234
2020-11-03 00:00:00-05:00,108.62568664550781
2020-11-04 00:00:00-05:00,113.06159210205078
2020-11-05 00:00:00-05:00,117.07456970214844
2020-11-06 00:00:00-05:00,116.94155883789062
2020-11-09 00:00:00-05:00,114.60647583007812
2020-11-10 00:00:00-05:00,114.2616195678711
2020-11-11 00:00:00-05:00,117.7297592163086
2020-11-12 00:00:00-05:00,117.45388793945312
2020-11-13 00:00:00-05:00,117.50315856933594
2020-11-16 00:00:00-05:00,118.52783203125
2020-11-17 00:00:00-05:00,117.63123321533203
2020-11-18 00:00:00-05:00,116.29127502441406
2020-11-19 00:00:00-05:00,116.89228057861328
2020-11-20 00:00:00-05:00,115.6114273071289
2020-11-23 00:00:00-05:00,112.17285919189453
2020-11-24 00:00:00-05:00,113.4734115600586
2020-11-25 00:00:00-05:00,114.32072448730469
2020-11-27 00:00:00-05:00,114.87248992919922
2020-11-30 00:00:00-05:00,117.2962646484375
2020-12-01 00:00:00-05:00,120.91218566894531
2020-12-02 00:00:00-05:00,121.26689147949219
2020-12-03 00:00:00-05:00,121.12895202636719
2020-12-04 00:00:00-05:00,120.44910430908203
2020-12-07 00:00:00-05:00,121.92701721191406
2020-12-08 00:00:00-05:00,122.5477294921875
2020-12-09 00:00:00-05:00,119.98603820800781
2020-12-10 00:00:00-05:00,121.42453002929688
2020-12-11 00:00:00-05:00,120.60675811767578
2020-12-14 00:00:00-05:00,119.98603820800781
2020-12-15 00:00:00-05:00,125.99617767333984
2020-12-16 00:00:00-05:00,125.92720031738281
2020-12-17 00:00:00-05:00,126.80411529541016
2020-12-18 00:00:00-05:00,124.79415130615234
2020-12-21 00:00:00-05:00,126.34102630615234
2020-12-22 00:00:00-05:00,129.937255859375
2020-12-23 00:00:00-05:00,129.03082275390625
2020-12-24 00:00:00-05:00,130.0259246826172
2020-12-28 00:00:00-05:00,134.67640686035156
2020-12-29 00:00:00-05:00,132.88319396972656
2020-12-30 00:00:00-05:00,131.75013732910156
2020-12-31 00:00:00-05:00,130.73532104492188
2021-01-04 00:00:00-05:00,127.50363159179688
2021-01-05 00:00:00-05:00,129.08006286621094
2021-01-06 00:00:00-05:00,124.73504638671875
2021-01-07 00:00:00-05:00,128.9914093017578
2021-01-08 00:00:00-05:00,130.10475158691406
2021-01-11 00:00:00-05:00,127.0799560546875
2021-01-12 00:00:00-05:00,126.90264129638672
2021-01-13 00:00:00-05:00,128.9618377685547
2021-01-14 00:00:00-05:00,127.01102447509766
2021-01-15 00:00:00-05:00,125.26708221435547
2021-01-19 00:00:00-05:00,125.94691467285156
2021-01-20 00:00:00-05:00,130.08505249023438
2021-01-21 00:00:00-05:00,134.85374450683594
2021-01-22 00:00:00-05:00,137.02133178710938
2021-01-25 00:00:00-05:00,140.81459045410156
2021-01-26 00:00:00-05:00,141.0510711669922
2021-01-27 00:00:00-05:00,139.96728515625
2021-01-28 00:00:00-05:00,135.0705108642578
2021-01-29 00:00:00-05:00,130.01608276367188
2021-02-01 00:00:00-05:00,132.1639862060547
2021-02-02 00:00:00-05:00,133.00144958496094
2021-02-03 00:00:00-05:00,131.9669189453125
2021-02-04 00:00:00-05:00,135.3660888671875
2021-02-05 00:00:00-05:00,134.94671630859375
2021-02-08 00:00:00-05:00,135.0947265625
2021-02-09 00:00:00-05:00,134.2066650390625
2021-02-10 00:00:00-05:00,133.59487915039062
2021-02-11 00:00:00-05:00,133.33831787109375
2021-02-12 00:00:00-05:00,133.5751495361328
2021-02-16 00:00:00-05:00,131.4240264892578
2021-02-17 00:00:00-05:00,129.10520935058594
2021-02-18 00:00:00-05:00,127.99020385742188
2021-02-19 00:00:00-05:00,128.14805603027344
2021-02-22 00:00:00-05:00,124.3293685913086
2021-02-23 00:00:00-05:00,124.19123840332031
2021-02-24 00:00:00-05:00,123.68799591064453
2021-02-25 00:00:00-05:00,119.38580322265625
2021-02-26 00:00:00-05:00,119.65221405029297
2021-03-01 00:00:00-05:00,126.09565734863281
2021-03-02 00:00:00-05:00,123.4610595703125
2021-03-03 00:00:00-05:00,120.44161987304688
2021-03-04 00:00:00-05:00,118.53719329833984
2021-03-05 00:00:00-05:00,119.81010437011719
2021-03-08 00:00:00-05:00,114.81719207763672
2021-03-09 00:00:00-05:00,119.48448181152344
2021-03-10 00:00:00-05:00,118.38919830322266
2021-03-11 00:00:00-05:00,120.34294128417969
2021-03-12 00:00:00-05:00,119.42527770996094
2021-03-15 00:00:00-04:00,122.34602355957031
2021-03-16 00:00:00-04:00,123.90509033203125
2021-03-17 00:00:00-04:00,123.10581970214844
2021-03-18 00:00:00-04:00,118.9319076538086
2021-03-19 00:00:00-04:00,118.39905548095703
2021-03-22 00:00:00-04:00,121.75398254394531
2021-03-23 00:00:00-04:00,120.91525268554688
2021-03-24 00:00:00-04:00,118.49773406982422
2021-03-25 00:00:00-04:00,118.9911117553711
2021-03-26 00:00:00-04:00,119.6028823852539
2021-03-29 00:00:00-04:00,119.78050994873047
2021-03-30 00:00:00-04:00,118.31024932861328
2021-03-31 00:00:00-04:00,120.5304183959961
2021-04-01 00:00:00-04:00,121.3691635131836
2021-04-05 00:00:00-04:00,124.23070526123047
2021-04-06 00:00:00-04:00,124.53659057617188
2021-04-07 00:00:00-04:00,126.2042007446289
2021-04-08 00:00:00-04:00,128.63156127929688
2021-04-09 00:00:00-04:00,131.23655700683594
2021-04-12 00:00:00-04:00,129.49990844726562
2021-04-13 00:00:00-04:00,132.64761352539062
2021-04-14 00:00:00-04:00,130.27943420410156
2021-04-15 00:00:00-04:00,132.7166748046875
2021-04-16 00:00:00-04:00,132.3811798095703
2021-04-19 00:00:00-04:00,133.05215454101562
2021-04-20 00:00:00-04:00,131.34510803222656
2021-04-21 00:00:00-04:00,131.7299346923828
2021-04-22 00:00:00-04:00,130.19064331054688
2021-04-23 00:00:00-04:00,132.53907775878906
2021-04-26 00:00:00-04:00,132.93374633789062
2021-04-27 00:00:00-04:00,132.6081085205078
2021-04-28 00:00:00-04:00,131.8088836669922
2021-04-29 00:00:00-04:00,131.710205078125
2021-04-30 00:00:00-04:00,129.7169952392578
2021-05-03 00:00:00-04:00,130.78265380859375
2021-05-04 00:00:00-04:00,126.15486145019531
2021-05-05 00:00:00-04:00,126.40154266357422
2021-05-06 00:00:00-04:00,128.01979064941406
2021-05-07 00:00:00-04:00,128.70181274414062
2021-05-10 00:00:00-04:00,125.3807144165039
2021-05-11 00:00:00-04:00,124.45160675048828
2021-05-12 00:00:00-04:00,121.34797668457031
2021-05-13 00:00:00-04:00,123.52249145507812
2021-05-14 00:00:00-04:00,125.9737548828125
2021-05-17 00:00:00-04:00,124.80743408203125
2021-05-18 00:00:00-04:00,123.40387725830078
2021-05-19 00:00:00-04:00,123.24574279785156
2021-05-20 00:00:00-04:00,125.83538818359375
2021-05-21 00:00:00-04:00,123.97716522216797
2021-05-24 00:00:00-04:00,125.62781524658203
2021-05-25 00:00:00-04:00,125.43013763427734
2021-05-26 00:00:00-04:00,125.3807144165039
2021-05-27 00:00:00-04:00,123.82889556884766
2021-05-28 00:00:00-04:00,123.16666412353516
2021-06-01 00:00:00-04:00,122.84048461914062
2021-06-02 00:00:00-04:00,123.6114501953125
2021-06-03 00:00:00-04:00,122.10905456542969
2021-06-04 00:00:00-04:00,124.43183135986328
2021-06-07 00:00:00-04:00,124.44172668457031
2021-06-08 00:00:00-04:00,125.2719955444336
2021-06-09 00:00:00-04:00,125.65745544433594
2021-06-10 00:00:00-04:00,124.64927673339844
2021-06-11 00:00:00-04:00,125.87492370605469
2021-06-14 00:00:00-04:00,128.96865844726562
2021-06-15 00:00:00-04:00,128.13839721679688
2021-06-16 00:00:00-04:00,128.64248657226562
2021-06-17 00:00:00-04:00,130.26348876953125
2021-06-18 00:00:00-04:00,128.9488983154297
2021-06-21 00:00:00-04:00,130.767578125
2021-06-22 00:00:00-04:00,132.42813110351562
2021-06-23 00:00:00-04:00,132.15138244628906
2021-06-24 00:00:00-04:00,131.86474609375
2021-06-25 00:00:00-04:00,131.56820678710938
2021-06-28 00:00:00-04:00,133.21885681152344
2021-06-29 00:00:00-04:00,134.7509002685547
2021-06-30 00:00:00-04:00,135.3736114501953
2021-07-01 00:00:00-04:00,135.68003845214844
2021-07-02 00:00:00-04:00,138.33885192871094
2021-07-06 00:00:00-04:00,140.37501525878906
2021-07-07 00:00:00-04:00,142.8954620361328
2021-07-08 00:00:00-04:00,141.5808563232422
2021-07-09 00:00:00-04:00,143.42919921875
2021-07-12 00:00:00-04:00,142.8262939453125
2021-07-13 00:00:00-04:00,143.95306396484375
2021-07-14 00:00:00-04:00,147.42242431640625
2021-07-15 00:00:00-04:00,146.7601776123047
2021-07-16 00:00:00-04:00,144.69439697265625
2021-07-19 00:00:00-04:00,140.80001831054688
2021-07-20 00:00:00-04:00,144.45716857910156
2021-07-21 00:00:00-04:00,143.71585083007812
2021-07-22 00:00:00-04:00,145.0996551513672
2021-07-23 00:00:00-04:00,146.83921813964844
2021-07-26 00:00:00-04:00,147.2642822265625
2021-07-27 00:00:00-04:00,145.06997680664062
2021-07-28 00:00:00-04:00,143.30072021484375
2021-07-29 00:00:00-04:00,143.95306396484375
2021-07-30 00:00:00-04:00,144.17050170898438
2021-08-02 00:00:00-04:00,143.83447265625
2021-08-03 00:00:00-04:00,145.6531524658203
2021-08-04 00:00:00-04:00,145.24789428710938
2021-08-05 00:00:00-04:00,145.35659790039062
2021-08-06 00:00:00-04:00,144.6636962890625
2021-08-09 00:00:00-04:00,144.61422729492188
2021-08-10 00:00:00-04:00,144.129150390625
2021-08-11 00:00:00-04:00,144.3865203857422
2021-08-12 00:00:00-04:00,147.3859100341797
2021-08-13 00:00:00-04:00,147.5937957763672
2021-08-16 00:00:00-04:00,149.59336853027344
2021-08-17 00:00:00-04:00,148.6727752685547
2021-08-18 00:00:00-04:00,144.8814697265625
2021-08-19 00:00:00-04:00,145.21804809570312
2021-08-20 00:00:00-04:00,146.6929931640625
2021-08-23 00:00:00-04:00,148.19764709472656
2021-08-24 00:00:00-04:00,148.10855102539062
2021-08-25 00:00:00-04:00,146.86126708984375
2021-08-26 00:00:00-04:00,146.049560546875
2021-08-27 00:00:00-04:00,147.09886169433594
2021-08-30 00:00:00-04:00,151.5731658935547
2021-08-31 00:00:00-04:00,150.29623413085938
2021-09-01 00:00:00-04:00,150.96932983398438
2021-09-02 00:00:00-04:00,152.0978240966797
2021-09-03 00:00:00-04:00,152.74127197265625
2021-09-07 00:00:00-04:00,155.1071319580078
2021-09-08 00:00:00-04:00,153.5430908203125
2021-09-09 00:00:00-04:00,152.51361083984375
2021-09-10 00:00:00-04:00,147.46511840820312
2021-09-13 00:00:00-04:00,148.03924560546875
2021-09-14 00:00:00-04:00,146.6237030029297
2021-09-15 00:00:00-04:00,147.52452087402344
2021-09-16 00:00:00-04:00,147.2869110107422
2021-09-17 00:00:00-04:00,144.58448791503906
2021-09-20 00:00:00-04:00,141.4960174560547
2021-09-21 00:00:00-04:00,141.98106384277344
2021-09-22 00:00:00-04:00,144.37661743164062
2021-09-23 00:00:00-04:00,145.3467254638672
2021-09-24 00:00:00-04:00,145.43582153320312
2021-09-27 00:00:00-04:00,143.90147399902344
2021-09-28 00:00:00-04:00,140.47645568847656
2021-09-29 00:00:00-04:00,141.38714599609375
2021-09-30 00:00:00-04:00,140.07057189941406
2021-10-01 00:00:00-04:00,141.20895385742188
2021-10-04 00:00:00-04:00,137.73440551757812
2021-10-05 00:00:00-04:00,139.6845245361328
2021-10-06 00:00:00-04:00,140.56552124023438
2021-10-07 00:00:00-04:00,141.8424835205078
2021-10-08 00:00:00-04:00,141.4564208984375
2021-10-11 00:00:00-04:00,141.36734008789062
2021-10-12 00:00:00-04:00,140.08047485351562
2021-10-13 00:00:00-04:00,139.48654174804688
2021-10-14 00:00:00-04:00,142.30775451660156
2021-10-15 00:00:00-04:00,143.3768310546875
2021-10-18 00:00:00-04:00,145.06956481933594
2021-10-19 00:00:00-04:00,147.25723266601562
2021-10-20 00:00:00-04:00,147.75218200683594
2021-10-21 00:00:00-04:00,147.96995544433594
2021-10-22 00:00:00-04:00,147.18795776367188
2021-10-25 00:00:00-04:00,147.13844299316406
2021-10-26 00:00:00-04:00,147.81158447265625
2021-10-27 00:00:00-04:00,147.34634399414062
2021-10-28 00:00:00-04:00,151.0287628173828
2021-10-29 00:00:00-04:00,148.28671264648438
2021-11-01 00:00:00-04:00,147.45523071289062
2021-11-02 00:00:00-04:00,148.5045166015625
2021-11-03 00:00:00-04:00,149.9596710205078
2021-11-04 00:00:00-04:00,149.43502807617188
2021-11-05 00:00:00-04:00,149.9703369140625
2021-11-08 00:00:00-05:00,149.13760375976562
2021-11-09 00:00:00-05:00,149.50439453125
2021-11-10 00:00:00-05:00,146.639404296875
2021-11-11 00:00:00-05:00,146.58984375
2021-11-12 00:00:00-05:00,148.69151306152344
2021-11-15 00:00:00-05:00,148.701416015625
2021-11-16 00:00:00-05:00,149.6927490234375
2021-11-17 00:00:00-05:00,152.1612091064453
2021-11-18 00:00:00-05:00,156.50326538085938
2021-11-19 00:00:00-05:00,159.16009521484375
2021-11-22 00:00:00-05:00,159.6260223388672
2021-11-23 00:00:00-05:00,160.01263427734375
2021-11-24 00:00:00-05:00,160.53805541992188
2021-11-26 00:00:00-05:00,155.4524688720703
2021-11-29 00:00:00-05:00,158.85276794433594
2021-11-30 00:00:00-05:00,163.86895751953125
2021-12-01 00:00:00-05:00,163.3435516357422
2021-12-02 00:00:00-05:00,162.34226989746094
2021-12-03 00:00:00-05:00,160.43893432617188
2021-12-06 00:00:00-05:00,163.8887939453125
2021-12-07 00:00:00-05:00,169.6980438232422
2021-12-08 00:00:00-05:00,173.5642852783203
2021-12-09 00:00:00-05:00,173.04879760742188
2021-12-10 00:00:00-05:00,177.89646911621094
2021-12-13 00:00:00-05:00,174.2185821533203
2021-12-14 00:00:00-05:00,172.82080078125
2021-12-15 00:00:00-05:00,177.74778747558594
2021-12-16 00:00:00-05:00,170.76870727539062
2021-12-17 00:00:00-05:00,169.65838623046875
2021-12-20 00:00:00-05:00,168.2804412841797
2021-12-21 00:00:00-05:00,171.49240112304688
2021-12-22 00:00:00-05:00,174.1194610595703
2021-12-23 00:00:00-05:00,174.75390625
2021-12-27 00:00:00-05:00,178.76882934570312
2021-12-28 00:00:00-05:00,177.7378387451172
2021-12-29 00:00:00-05:00,177.8270721435547
2021-12-30 00:00:00-05:00,176.6572723388672
2021-12-31 00:00:00-05:00,176.03274536132812
2022-01-03 00:00:00-05:00,180.43431091308594
2022-01-04 00:00:00-05:00,178.14430236816406
2022-01-05 00:00:00-05:00,173.4056854248047
2022-01-06 00:00:00-05:00,170.51097106933594
2022-01-07 00:00:00-05:00,170.67950439453125
2022-01-10 00:00:00-05:00,170.69931030273438
2022-01-11 00:00:00-05:00,173.5642852783203
2022-01-12 00:00:00-05:00,174.01040649414062
2022-01-13 00:00:00-05:00,170.69931030273438
2022-01-14 00:00:00-05:00,171.5717010498047
2022-01-18 00:00:00-05:00,168.33001708984375
2022-01-19 00:00:00-05:00,164.7908935546875
2022-01-20 00:00:00-05:00,163.0858154296875
2022-01-21 00:00:00-05:00,161.0039825439453
2022-01-24 00:00:00-05:00,160.2208251953125
2022-01-25 00:00:00-05:00,158.39674377441406
2022-01-26 00:00:00-05:00,158.30752563476562
2022-01-27 00:00:00-05:00,157.84161376953125
2022-01-28 00:00:00-05:00,168.85540771484375
2022-01-31 00:00:00-05:00,173.2668914794922
2022-02-01 00:00:00-05:00,173.09837341308594
2022-02-02 00:00:00-05:00,174.31771850585938
2022-02-03 00:00:00-05:00,171.4031524658203
2022-02-04 00:00:00-05:00,171.11532592773438
2022-02-07 00:00:00-05:00,170.39073181152344
2022-02-08 00:00:00-05:00,173.5372772216797
2022-02-09 00:00:00-05:00,174.97654724121094
2022-02-10 00:00:00-05:00,170.84730529785156
2022-02-11 00:00:00-05:00,167.39305114746094
2022-02-14 00:00:00-05:00,167.6312713623047
2022-02-15 00:00:00-05:00,171.51234436035156
2022-02-16 00:00:00-05:00,171.2741241455078
2022-02-17 00:00:00-05:00,167.6312713623047
2022-02-18 00:00:00-05:00,166.06295776367188
2022-02-22 00:00:00-05:00,163.10501098632812
2022-02-23 00:00:00-05:00,158.8864288330078
2022-02-24 00:00:00-05:00,161.5366668701172
2022-02-25 00:00:00-05:00,163.63107299804688
2022-02-28 00:00:00-05:00,163.89906311035156
2022-03-01 00:00:00-05:00,161.99327087402344
2022-03-02 00:00:00-05:00,165.32843017578125
2022-03-03 00:00:00-05:00,165.0008544921875
2022-03-04 00:00:00-05:00,161.96348571777344
2022-03-07 00:00:00-05:00,158.12210083007812
2022-03-08 00:00:00-05:00,156.27584838867188
2022-03-09 00:00:00-05:00,161.74510192871094
2022-03-10 00:00:00-05:00,157.34786987304688
2022-03-11 00:00:00-05:00,153.58587646484375
2022-03-14 00:00:00-04:00,149.5062713623047
2022-03-15 00:00:00-04:00,153.9432373046875
2022-03-16 00:00:00-04:00,158.4099578857422
2022-03-17 00:00:00-04:00,159.4323272705078
2022-03-18 00:00:00-04:00,162.7675018310547
2022-03-21 00:00:00-04:00,164.1571502685547
2022-03-22 00:00:00-04:00,167.5717315673828
2022-03-23 00:00:00-04:00,168.95143127441406
2022-03-24 00:00:00-04:00,172.78289794921875
2022-03-25 00:00:00-04:00,173.4281005859375
2022-03-28 00:00:00-04:00,174.3015899658203
2022-03-29 00:00:00-04:00,177.63673400878906
2022-03-30 00:00:00-04:00,176.45553588867188
2022-03-31 00:00:00-04:00,173.31890869140625
2022-04-01 00:00:00-04:00,173.0211181640625
2022-04-04 00:00:00-04:00,177.12059020996094
2022-04-05 00:00:00-04:00,173.76556396484375
2022-04-06 00:00:00-04:00,170.5594482421875
2022-04-07 00:00:00-04:00,170.86715698242188
2022-04-08 00:00:00-04:00,168.83230590820312
2022-04-11 00:00:00-04:00,164.52439880371094
2022-04-12 00:00:00-04:00,166.4202880859375
2022-04-13 00:00:00-04:00,169.14002990722656
2022-04-14 00:00:00-04:00,164.06781005859375
2022-04-18 00:00:00-04:00,163.8494415283203
2022-04-19 00:00:00-04:00,166.1621856689453
2022-04-20 00:00:00-04:00,165.9934844970703
2022-04-21 00:00:00-04:00,165.18946838378906
2022-04-22 00:00:00-04:00,160.59368896484375
2022-04-25 00:00:00-04:00,161.67564392089844
2022-04-26 00:00:00-04:00,155.64060974121094
2022-04-27 00:00:00-04:00,155.41229248046875
2022-04-28 00:00:00-04:00,162.4300079345703
2022-04-29 00:00:00-04:00,156.48428344726562
2022-05-02 00:00:00-04:00,156.79202270507812
2022-05-03 00:00:00-04:00,158.30076599121094
2022-05-04 00:00:00-04:00,164.79241943359375
2022-05-05 00:00:00-04:00,155.61080932617188
2022-05-06 00:00:00-04:00,156.34642028808594
2022-05-09 00:00:00-04:00,151.15740966796875
2022-05-10 00:00:00-04:00,153.5928497314453
2022-05-11 00:00:00-04:00,145.6304168701172
2022-05-12 00:00:00-04:00,141.7137908935547
2022-05-13 00:00:00-04:00,146.23678588867188
2022-05-16 00:00:00-04:00,144.67608642578125
2022-05-17 00:00:00-04:00,148.35415649414062
2022-05-18 00:00:00-04:00,139.984130859375
2022-05-19 00:00:00-04:00,136.53472900390625
2022-05-20 00:00:00-04:00,136.77330017089844
2022-05-23 00:00:00-04:00,142.26052856445312
2022-05-24 00:00:00-04:00,139.52685546875
2022-05-25 00:00:00-04:00,139.6859130859375
2022-05-26 00:00:00-04:00,142.9265594482422
2022-05-27 00:00:00-04:00,148.75177001953125
2022-05-31 00:00:00-04:00,147.95652770996094
2022-06-01 00:00:00-04:00,147.8273162841797
2022-06-02 00:00:00-04:00,150.3124542236328
2022-06-03 00:00:00-04:00,144.51705932617188
2022-06-06 00:00:00-04:00,145.27255249023438
2022-06-07 00:00:00-04:00,147.8273162841797
2022-06-08 00:00:00-04:00,147.0817413330078
2022-06-09 00:00:00-04:00,141.7933349609375
2022-06-10 00:00:00-04:00,136.3160400390625
2022-06-13 00:00:00-04:00,131.09718322753906
2022-06-14 00:00:00-04:00,131.97195434570312
2022-06-15 00:00:00-04:00,134.6260986328125
2022-06-16 00:00:00-04:00,129.28797912597656
2022-06-17 00:00:00-04:00,130.77908325195312
2022-06-21 00:00:00-04:00,135.06349182128906
2022-06-22 00:00:00-04:00,134.54660034179688
2022-06-23 00:00:00-04:00,137.44924926757812
2022-06-24 00:00:00-04:00,140.81915283203125
2022-06-27 00:00:00-04:00,140.81915283203125
2022-06-28 00:00:00-04:00,136.6241912841797
2022-06-29 00:00:00-04:00,138.403564453125
2022-06-30 00:00:00-04:00,135.90846252441406
2022-07-01 00:00:00-04:00,138.10533142089844
2022-07-05 00:00:00-04:00,140.71974182128906
2022-07-06 00:00:00-04:00,142.07164001464844
2022-07-07 00:00:00-04:00,145.48130798339844
2022-07-08 00:00:00-04:00,146.1671905517578
2022-07-11 00:00:00-04:00,144.0100860595703
2022-07-12 00:00:00-04:00,144.9941864013672
2022-07-13 00:00:00-04:00,144.62640380859375
2022-07-14 00:00:00-04:00,147.58871459960938
2022-07-15 00:00:00-04:00,149.2786102294922
2022-07-18 00:00:00-04:00,146.19703674316406
2022-07-19 00:00:00-04:00,150.1036834716797
2022-07-20 00:00:00-04:00,152.13157653808594
2022-07-21 00:00:00-04:00,154.42787170410156
2022-07-22 00:00:00-04:00,153.17535400390625
2022-07-25 00:00:00-04:00,152.04212951660156
2022-07-26 00:00:00-04:00,150.70013427734375
2022-07-27 00:00:00-04:00,155.8593292236328
2022-07-28 00:00:00-04:00,156.416015625
2022-07-29 00:00:00-04:00,161.5453643798828
2022-08-01 00:00:00-04:00,160.55130004882812
2022-08-02 00:00:00-04:00,159.06019592285156
2022-08-03 00:00:00-04:00,165.14389038085938
2022-08-04 00:00:00-04:00,164.82579040527344
2022-08-05 00:00:00-04:00,164.5968475341797
2022-08-08 00:00:00-04:00,164.1190185546875
2022-08-09 00:00:00-04:00,164.1687774658203
2022-08-10 00:00:00-04:00,168.46913146972656
2022-08-11 00:00:00-04:00,167.7225341796875
2022-08-12 00:00:00-04:00,171.3160858154297
2022-08-15 00:00:00-04:00,172.401123046875
2022-08-16 00:00:00-04:00,172.24185180664062
2022-08-17 00:00:00-04:00,173.7549285888672
2022-08-18 00:00:00-04:00,173.3567352294922
2022-08-19 00:00:00-04:00,170.73873901367188
2022-08-22 00:00:00-04:00,166.80673217773438
2022-08-23 00:00:00-04:00,166.46827697753906
2022-08-24 00:00:00-04:00,166.76690673828125
2022-08-25 00:00:00-04:00,169.25550842285156
2022-08-26 00:00:00-04:00,162.8747100830078
2022-08-29 00:00:00-04:00,160.64492797851562
2022-08-30 00:00:00-04:00,158.18618774414062
2022-08-31 00:00:00-04:00,156.5038604736328
2022-09-01 00:00:00-04:00,157.24049377441406
2022-09-02 00:00:00-04:00,155.10028076171875
2022-09-06 00:00:00-04:00,153.82611083984375
2022-09-07 00:00:00-04:00,155.24961853027344
2022-09-08 00:00:00-04:00,153.75643920898438
2022-09-09 00:00:00-04:00,156.65318298339844
2022-09-12 00:00:00-04:00,162.68557739257812
2022-09-13 00:00:00-04:00,153.13925170898438
2022-09-14 00:00:00-04:00,154.60255432128906
2022-09-15 00:00:00-04:00,151.6759490966797
2022-09-16 00:00:00-04:00,150.0135498046875
2022-09-19 00:00:00-04:00,153.7763214111328
2022-09-20 00:00:00-04:00,156.18531799316406
2022-09-21 00:00:00-04:00,153.01980590820312
2022-09-22 00:00:00-04:00,152.0442657470703
2022-09-23 00:00:00-04:00,149.74478149414062
2022-09-26 00:00:00-04:00,150.08323669433594
2022-09-27 00:00:00-04:00,151.06874084472656
2022-09-28 00:00:00-04:00,149.157470703125
2022-09-29 00:00:00-04:00,141.83099365234375
2022-09-30 00:00:00-04:00,137.5704803466797
2022-10-03 00:00:00-04:00,141.80113220214844
2022-10-04 00:00:00-04:00,145.4345245361328
2022-10-05 00:00:00-04:00,145.73312377929688
2022-10-06 00:00:00-04:00,144.76756286621094
2022-10-07 00:00:00-04:00,139.45188903808594
2022-10-10 00:00:00-04:00,139.78038024902344
2022-10-11 00:00:00-04:00,138.34693908691406
2022-10-12 00:00:00-04:00,137.70985412597656
2022-10-13 00:00:00-04:00,142.3386993408203
2022-10-14 00:00:00-04:00,137.7496795654297
2022-10-17 00:00:00-04:00,141.76133728027344
2022-10-18 00:00:00-04:00,143.09523010253906
2022-10-19 00:00:00-04:00,143.20472717285156
2022-10-20 00:00:00-04:00,142.7368621826172
2022-10-21 00:00:00-04:00,146.5991973876953
2022-10-24 00:00:00-04:00,148.7692413330078
2022-10-25 00:00:00-04:00,151.64608764648438
2022-10-26 00:00:00-04:00,148.66970825195312
2022-10-27 00:00:00-04:00,144.14044189453125
2022-10-28 00:00:00-04:00,155.03062438964844
2022-10-31 00:00:00-04:00,152.6415252685547
2022-11-01 00:00:00-04:00,149.96377563476562
2022-11-02 00:00:00-04:00,144.369384765625
2022-11-03 00:00:00-04:00,138.24740600585938
2022-11-04 00:00:00-04:00,137.97817993164062
2022-11-07 00:00:00-05:00,138.51661682128906
2022-11-08 00:00:00-05:00,139.09494018554688
2022-11-09 00:00:00-05:00,134.47837829589844
2022-11-10 00:00:00-05:00,146.4435272216797
2022-11-11 00:00:00-05:00,149.2653045654297
2022-11-14 00:00:00-05:00,147.8494415283203
2022-11-15 00:00:00-05:00,149.6043243408203
2022-11-16 00:00:00-05:00,148.3579559326172
2022-11-17 00:00:00-05:00,150.28236389160156
2022-11-18 00:00:00-05:00,150.8507080078125
2022-11-21 00:00:00-05:00,147.58021545410156
2022-11-22 00:00:00-05:00,149.74391174316406
2022-11-23 00:00:00-05:00,150.63134765625
2022-11-25 00:00:00-05:00,147.679931640625
2022-11-28 00:00:00-05:00,143.80123901367188
2022-11-29 00:00:00-05:00,140.7600860595703
2022-11-30 00:00:00-05:00,147.60015869140625
2022-12-01 00:00:00-05:00,147.8793487548828
2022-12-02 00:00:00-05:00,147.38079833984375
2022-12-05 00:00:00-05:00,146.20423889160156
2022-12-06 00:00:00-05:00,142.4950408935547
2022-12-07 00:00:00-05:00,140.53076171875
2022-12-08 00:00:00-05:00,142.2357940673828
2022-12-09 00:00:00-05:00,141.74722290039062
2022-12-12 00:00:00-05:00,144.07044982910156
2022-12-13 00:00:00-05:00,145.047607421875
2022-12-14 00:00:00-05:00,142.79417419433594
2022-12-15 00:00:00-05:00,136.1036376953125
2022-12-16 00:00:00-05:00,134.11941528320312
2022-12-19 00:00:00-05:00,131.9856414794922
2022-12-20 00:00:00-05:00,131.9158477783203
2022-12-21 00:00:00-05:00,135.0566864013672
2022-12-22 00:00:00-05:00,131.84603881835938
2022-12-23 00:00:00-05:00,131.4771270751953
2022-12-27 00:00:00-05:00,129.65243530273438
2022-12-28 00:00:00-05:00,125.67402648925781
2022-12-29 00:00:00-05:00,129.23365783691406
2022-12-30 00:00:00-05:00,129.55271911621094
2023-01-03 00:00:00-05:00,124.70683288574219
2023-01-04 00:00:00-05:00,125.99309539794922
2023-01-05 00:00:00-05:00,124.65697479248047
2023-01-06 00:00:00-05:00,129.24362182617188
2023-01-09 00:00:00-05:00,129.77207946777344
2023-01-10 00:00:00-05:00,130.35040283203125
2023-01-11 00:00:00-05:00,133.10238647460938
2023-01-12 00:00:00-05:00,133.0226287841797
2023-01-13 00:00:00-05:00,134.3686981201172
2023-01-17 00:00:00-05:00,135.54527282714844
2023-01-18 00:00:00-05:00,134.81739807128906
2023-01-19 00:00:00-05:00,134.87722778320312
2023-01-20 00:00:00-05:00,137.46966552734375
2023-01-23 00:00:00-05:00,140.7002716064453
2023-01-24 00:00:00-05:00,142.1161346435547
2023-01-25 00:00:00-05:00,141.44808959960938
2023-01-26 00:00:00-05:00,143.5419921875
2023-01-27 00:00:00-05:00,145.50625610351562
2023-01-30 00:00:00-05:00,142.58477783203125
2023-01-31 00:00:00-05:00,143.8710174560547
2023-02-01 00:00:00-05:00,145.00770568847656
2023-02-02 00:00:00-05:00,150.382080078125
2023-02-03 00:00:00-05:00,154.05137634277344
2023-02-06 00:00:00-05:00,151.2894287109375
2023-02-07 00:00:00-05:00,154.20094299316406
2023-02-08 00:00:00-05:00,151.4788818359375
2023-02-09 00:00:00-05:00,150.4319305419922
2023-02-10 00:00:00-05:00,150.80140686035156
2023-02-13 00:00:00-05:00,153.6374969482422
2023-02-14 00:00:00-05:00,152.98838806152344
2023-02-15 00:00:00-05:00,155.11544799804688
2023-02-16 00:00:00-05:00,153.49769592285156
2023-02-17 00:00:00-05:00,152.33929443359375
2023-02-21 00:00:00-05:00,148.27490234375
2023-02-22 00:00:00-05:00,148.70431518554688
2023-02-23 00:00:00-05:00,149.19363403320312
2023-02-24 00:00:00-05:00,146.50735473632812
2023-02-27 00:00:00-05:00,147.71568298339844
2023-02-28 00:00:00-05:00,147.20639038085938
2023-03-01 00:00:00-05:00,145.10928344726562
2023-03-02 00:00:00-05:00,145.70846557617188
2023-03-03 00:00:00-05:00,150.82138061523438
2023-03-06 00:00:00-05:00,153.61752319335938
2023-03-07 00:00:00-05:00,151.39060974121094
2023-03-08 00:00:00-05:00,152.65884399414062
2023-03-09 00:00:00-05:00,150.38198852539062
2023-03-10 00:00:00-05:00,148.2948760986328
2023-03-13 00:00:00-04:00,150.2621612548828
2023-03-14 00:00:00-04:00,152.3792266845703
2023-03-15 00:00:00-04:00,152.7786865234375
2023-03-16 00:00:00-04:00,155.63473510742188
2023-03-17 00:00:00-04:00,154.78590393066406
2023-03-20 00:00:00-04:00,157.18258666992188
2023-03-21 00:00:00-04:00,159.0599822998047
2023-03-22 00:00:00-04:00,157.61199951171875
2023-03-23 00:00:00-04:00,158.71046447753906
2023-03-24 00:00:00-04:00,160.02865600585938
2023-03-27 00:00:00-04:00,158.06137084960938
2023-03-28 00:00:00-04:00,157.43223571777344
2023-03-29 00:00:00-04:00,160.54794311523438
2023-03-30 00:00:00-04:00,162.1357421875
2023-03-31 00:00:00-04:00,164.67222595214844
2023-04-03 00:00:00-04:00,165.9404754638672
2023-04-04 00:00:00-04:00,165.40122985839844
2023-04-05 00:00:00-04:00,163.53379821777344
2023-04-06 00:00:00-04:00,164.43255615234375
2023-04-10 00:00:00-04:00,161.80618286132812
2023-04-11 00:00:00-04:00,160.57789611816406
2023-04-12 00:00:00-04:00,159.8788604736328
2023-04-13 00:00:00-04:00,165.33131408691406
2023-04-14 00:00:00-04:00,164.9818115234375
2023-04-17 00:00:00-04:00,165.00177001953125
2023-04-18 00:00:00-04:00,166.2400665283203
2023-04-19 00:00:00-04:00,167.39846801757812
2023-04-20 00:00:00-04:00,166.4197998046875
2023-04-21 00:00:00-04:00,164.7920684814453
2023-04-24 00:00:00-04:00,165.1016387939453
2023-04-25 00:00:00-04:00,163.54379272460938
2023-04-26 00:00:00-04:00,163.53379821777344
2023-04-27 00:00:00-04:00,168.17738342285156
2023-04-28 00:00:00-04:00,169.44561767578125
2023-05-01 00:00:00-04:00,169.35574340820312
2023-05-02 00:00:00-04:00,168.30718994140625
2023-05-03 00:00:00-04:00,167.2187042236328
2023-05-04 00:00:00-04:00,165.5609893798828
2023-05-05 00:00:00-04:00,173.33026123046875
2023-05-08 00:00:00-04:00,173.26034545898438
2023-05-09 00:00:00-04:00,171.53274536132812
2023-05-10 00:00:00-04:00,173.3202667236328
2023-05-11 00:00:00-04:00,173.510009765625
2023-05-12 00:00:00-04:00,172.57000732421875
2023-05-15 00:00:00-04:00,172.07000732421875
2023-05-16 00:00:00-04:00,172.07000732421875
2023-05-17 00:00:00-04:00,172.69000244140625
2023-05-18 00:00:00-04:00,175.0500030517578
2023-05-19 00:00:00-04:00,175.16000366210938
2023-05-22 00:00:00-04:00,174.1999969482422
2023-05-23 00:00:00-04:00,171.55999755859375
2023-05-24 00:00:00-04:00,171.83999633789062
2023-05-25 00:00:00-04:00,172.99000549316406
2023-05-26 00:00:00-04:00,175.42999267578125
2023-05-30 00:00:00-04:00,177.3000030517578
2023-05-31 00:00:00-04:00,177.25
2023-06-01 00:00:00-04:00,180.08999633789062
2023-06-02 00:00:00-04:00,180.9499969482422
2023-06-05 00:00:00-04:00,179.5800018310547
2023-06-06 00:00:00-04:00,179.2100067138672
2023-06-07 00:00:00-04:00,177.82000732421875
2023-06-08 00:00:00-04:00,180.57000732421875
2023-06-09 00:00:00-04:00,180.9600067138672
2023-06-12 00:00:00-04:00,183.7899932861328
2023-06-13 00:00:00-04:00,183.30999755859375
2023-06-14 00:00:00-04:00,183.9499969482422
2023-06-15 00:00:00-04:00,186.00999450683594
2023-06-16 00:00:00-04:00,184.9199981689453
2023-06-20 00:00:00-04:00,185.00999450683594
2023-06-21 00:00:00-04:00,183.9600067138672
2023-06-22 00:00:00-04:00,187.0
2023-06-23 00:00:00-04:00,186.67999267578125
2023-06-26 00:00:00-04:00,185.27000427246094
2023-06-27 00:00:00-04:00,188.05999755859375
2023-06-28 00:00:00-04:00,189.25
2023-06-29 00:00:00-04:00,189.58999633789062
2023-06-30 00:00:00-04:00,193.97000122070312
2023-07-03 00:00:00-04:00,192.4600067138672
2023-07-05 00:00:00-04:00,191.3300018310547
2023-07-06 00:00:00-04:00,191.80999755859375
2023-07-07 00:00:00-04:00,190.67999267578125
2023-07-10 00:00:00-04:00,188.61000061035156
2023-07-11 00:00:00-04:00,188.0800018310547
2023-07-12 00:00:00-04:00,189.77000427246094
2023-07-13 00:00:00-04:00,190.5399932861328
2023-07-14 00:00:00-04:00,190.69000244140625
2023-07-17 00:00:00-04:00,193.99000549316406
2023-07-18 00:00:00-04:00,193.72999572753906
2023-07-19 00:00:00-04:00,195.10000610351562
2023-07-20 00:00:00-04:00,193.1300048828125
2023-07-21 00:00:00-04:00,191.94000244140625
2023-07-24 00:00:00-04:00,192.75
2023-07-25 00:00:00-04:00,193.6199951171875
2023-07-26 00:00:00-04:00,194.5
2023-07-27 00:00:00-04:00,193.22000122070312
2023-07-28 00:00:00-04:00,195.8300018310547
2023-07-31 00:00:00-04:00,196.4499969482422
2023-08-01 00:00:00-04:00,195.61000061035156
2023-08-02 00:00:00-04:00,192.5800018310547
2023-08-03 00:00:00-04:00,191.1699981689453
2023-08-04 00:00:00-04:00,181.99000549316406
2023-08-07 00:00:00-04:00,178.85000610351562
2023-08-08 00:00:00-04:00,179.8000030517578
2023-08-09 00:00:00-04:00,178.19000244140625
