Date,Volume
2007-01-03,94807600
2007-01-04,69620600
2007-01-05,76645300
2007-01-08,71655000
2007-01-09,75680100
2007-01-10,72428000
2007-01-11,54476800
2007-01-12,55370600
2007-01-16,44871300
2007-01-17,50241400
2007-01-18,68177300
2007-01-19,56973000
2007-01-22,60253600
2007-01-23,54064400
2007-01-24,55834700
2007-01-25,73583800
2007-01-26,67255600
2007-01-29,66114600
2007-01-30,70407600
2007-01-31,91868600
2007-02-01,69312400
2007-02-02,49607000
2007-02-05,45705300
2007-02-06,57081300
2007-02-07,55669700
2007-02-08,70641000
2007-02-09,79084400
2007-02-12,65657000
2007-02-13,64081800
2007-02-14,66039400
2007-02-15,38715200
2007-02-16,39841800
2007-02-20,56911800
2007-02-21,63971600
2007-02-22,79067400
2007-02-23,71966200
2007-02-26,69192800
2007-02-27,274466500
2007-02-28,177536300
2007-03-01,212828600
2007-03-02,162574000
2007-03-05,143750400
2007-03-06,143333300
2007-03-07,115144900
2007-03-08,117891600
2007-03-09,107765100
2007-03-12,80366900
2007-03-13,190605200
2007-03-14,231853800
2007-03-15,132435900
2007-03-16,121531600
2007-03-19,96161200
2007-03-20,82147400
2007-03-21,152368700
2007-03-22,118942200
2007-03-23,74416800
2007-03-26,113787500
2007-03-27,99864600
2007-03-28,152907900
2007-03-29,139432700
2007-03-30,128194100
2007-04-02,79416400
2007-04-03,82417800
2007-04-04,63995200
2007-04-05,46822800
2007-04-09,50967400
2007-04-10,56620000
2007-04-11,106365700
2007-04-12,115534400
2007-04-13,84287000
2007-04-16,83064600
2007-04-17,108424100
2007-04-18,88345300
2007-04-19,102947700
2007-04-20,124114100
2007-04-23,77270800
2007-04-24,114471000
2007-04-25,108418800
2007-04-26,88741600
2007-04-27,108191100
2007-04-30,100874100
2007-05-01,134342700
2007-05-02,87129800
2007-05-03,86569700
2007-05-04,96409000
2007-05-07,63461400
2007-05-08,80584000
2007-05-09,102070100
2007-05-10,153617800
2007-05-11,113408900
2007-05-14,108027500
2007-05-15,180673300
2007-05-16,114166500
2007-05-17,101132800
2007-05-18,99182000
2007-05-21,174664600
2007-05-22,82148800
2007-05-23,133786600
2007-05-24,187593000
2007-05-25,83309200
2007-05-29,82020000
2007-05-30,129013600
2007-05-31,114866700
2007-06-01,107771700
2007-06-04,78008800
2007-06-05,126917900
2007-06-06,164096800
2007-06-07,232414600
2007-06-08,175886000
2007-06-11,102015600
2007-06-12,233898000
2007-06-13,193208200
2007-06-14,146396500
2007-06-15,154030800
2007-06-18,88537500
2007-06-19,110851700
2007-06-20,177119700
2007-06-21,205262000
2007-06-22,204964700
2007-06-25,232014400
2007-06-26,198445700
2007-06-27,213638000
2007-06-28,157705000
2007-06-29,199701800
2007-07-02,103357000
2007-07-03,54048400
2007-07-05,89279000
2007-07-06,81109000
2007-07-09,72348100
2007-07-10,180362600
2007-07-11,175607600
2007-07-12,133882500
2007-07-13,111794300
2007-07-16,98378700
2007-07-17,126201300
2007-07-18,237887400
2007-07-19,145212700
2007-07-20,245502500
2007-07-23,121183900
2007-07-24,256732400
2007-07-25,265214500
2007-07-26,467592500
2007-07-27,422987600
2007-07-30,283017500
2007-07-31,316976700
2007-08-01,467670000
2007-08-02,294758400
2007-08-03,359398200
2007-08-06,324980000
2007-08-07,232568700
2007-08-08,274930600
2007-08-09,357622100
2007-08-10,411018400
2007-08-13,181917200
2007-08-14,264134500
2007-08-15,323834000
2007-08-16,546743700
2007-08-17,388218100
2007-08-20,187320400
2007-08-21,157066400
2007-08-22,173156700
2007-08-23,203915300
2007-08-24,128901900
2007-08-27,113024300
2007-08-28,219790700
2007-08-29,207654200
2007-08-30,191817300
2007-08-31,185477500
2007-09-04,120062000
2007-09-05,166261800
2007-09-06,127878400
2007-09-07,235447600
2007-09-10,192305900
2007-09-11,162081900
2007-09-12,149554600
2007-09-13,154079000
2007-09-14,121911000
2007-09-17,109870800
2007-09-18,263759500
2007-09-19,193779900
2007-09-20,175186800
2007-09-21,141457500
2007-09-24,139450200
2007-09-25,142289900
2007-09-26,135547000
2007-09-27,102713300
2007-09-28,133372100
2007-10-01,148162300
2007-10-02,112978800
2007-10-03,119055900
2007-10-04,76864400
2007-10-05,134579700
2007-10-08,71280400
2007-10-09,94054300
2007-10-10,101711100
2007-10-11,233529100
2007-10-12,124546700
2007-10-15,161151900
2007-10-16,166525700
2007-10-17,216687300
2007-10-18,148367500
2007-10-19,297169900
2007-10-22,261989800
2007-10-23,180085100
2007-10-24,326694200
2007-10-25,237374500
2007-10-26,176484000
2007-10-29,106841000
2007-10-30,132981600
2007-10-31,220954400
2007-11-01,333040800
2007-11-02,331228200
2007-11-05,226841000
2007-11-06,177800500
2007-11-07,306639700
2007-11-08,374509900
2007-11-09,277745100
2007-11-12,243087800
2007-11-13,191117400
2007-11-14,230558800
2007-11-15,263111100
2007-11-16,308770600
2007-11-19,267746000
2007-11-20,414767500
2007-11-21,259012400
2007-11-23,77688400
2007-11-26,214232000
2007-11-27,293897900
2007-11-28,258596900
2007-11-29,199409900
2007-11-30,222908000
2007-12-03,146430400
2007-12-04,136533900
2007-12-05,171130000
2007-12-06,154457400
2007-12-07,148980100
2007-12-10,123914300
2007-12-11,250346400
2007-12-12,322435600
2007-12-13,237551300
2007-12-14,159152900
2007-12-17,177269400
2007-12-18,245569300
2007-12-19,198917200
2007-12-20,214813800
2007-12-21,146084400
2007-12-24,45601400
2007-12-26,67093100
2007-12-27,122981700
2007-12-28,116398100
2007-12-31,108126800
2008-01-02,204935600
2008-01-03,125133300
2008-01-04,232330900
2008-01-07,234991000
2008-01-08,326365700
2008-01-09,301824900
2008-01-10,335701200
2008-01-11,267076600
2008-01-14,170365500
2008-01-15,239940100
2008-01-16,378802600
2008-01-17,397892600
2008-01-18,348561500
2008-01-22,435923700
2008-01-23,511913000
2008-01-24,259949300
2008-01-25,269603900
2008-01-28,217934600
2008-01-29,168968300
2008-01-30,334939200
2008-01-31,343680800
2008-02-01,206843600
2008-02-04,124694300
2008-02-05,286882500
2008-02-06,250792900
2008-02-07,297368100
2008-02-08,221643500
2008-02-11,188576300
2008-02-12,256654400
2008-02-13,181967800
2008-02-14,215207200
2008-02-15,154110300
2008-02-19,145190000
2008-02-20,220085700
2008-02-21,201051200
2008-02-22,205491000
2008-02-25,190107000
2008-02-26,212420700
2008-02-27,168395800
2008-02-28,170831100
2008-02-29,252715200
2008-03-03,189483500
2008-03-04,282513100
2008-03-05,270681400
2008-03-06,247911700
2008-03-07,326434600
2008-03-10,235683600
2008-03-11,341440600
2008-03-12,229161100
2008-03-13,351504200
2008-03-14,484687800
2008-03-17,405311100
2008-03-18,334416600
2008-03-19,345971600
2008-03-20,245320700
2008-03-24,208977300
2008-03-25,192947200
2008-03-26,196934300
2008-03-27,225153200
2008-03-28,180896100
2008-03-31,166692100
2008-04-01,254547300
2008-04-02,210910800
2008-04-03,175884800
2008-04-04,204446800
2008-04-07,154245500
2008-04-08,148937300
2008-04-09,195610600
2008-04-10,192967800
2008-04-11,222973300
2008-04-14,160522000
2008-04-15,172389200
2008-04-16,189268900
2008-04-17,179665700
2008-04-18,218530600
2008-04-21,118587400
2008-04-22,162166000
2008-04-23,193309000
2008-04-24,229381300
2008-04-25,190788100
2008-04-28,105610200
2008-04-29,125514100
2008-04-30,208395900
2008-05-01,187279500
2008-05-02,181585500
2008-05-05,118504500
2008-05-06,179339800
2008-05-07,199267300
2008-05-08,178321200
2008-05-09,152588200
2008-05-12,147865900
2008-05-13,159132200
2008-05-14,181910800
2008-05-15,166927000
2008-05-16,204236800
2008-05-19,165664400
2008-05-20,178552100
2008-05-21,252724800
2008-05-22,170820400
2008-05-23,181376400
2008-05-27,168322900
2008-05-28,181288100
2008-05-29,173927200
2008-05-30,117362000
2008-06-02,181069900
2008-06-03,271965700
2008-06-04,246637700
2008-06-05,237867100
2008-06-06,384276300
2008-06-09,228263900
2008-06-10,260234900
2008-06-11,283890100
2008-06-12,252791800
2008-06-13,244726900
2008-06-16,185832500
2008-06-17,191707700
2008-06-18,265893000
2008-06-19,304204900
2008-06-20,289275700
2008-06-23,165096400
2008-06-24,267300600
2008-06-25,287853900
2008-06-26,297775000
2008-06-27,303423400
2008-06-30,258842600
2008-07-01,388622000
2008-07-02,288064600
2008-07-03,239352500
2008-07-07,372427300
2008-07-08,375973700
2008-07-09,336729400
2008-07-10,436475700
2008-07-11,481124600
2008-07-14,322720800
2008-07-15,502502500
2008-07-16,371642900
2008-07-17,375490600
2008-07-18,267030100
2008-07-21,222863000
2008-07-22,296904200
2008-07-23,311698400
2008-07-24,248634500
2008-07-25,219131000
2008-07-28,205201300
2008-07-29,261505600
2008-07-30,354710000
2008-07-31,277402100
2008-08-01,248690900
2008-08-04,188239600
2008-08-05,251577600
2008-08-06,209555400
2008-08-07,246312500
2008-08-08,260811700
2008-08-11,249425800
2008-08-12,213200800
2008-08-13,256393200
2008-08-14,239555300
2008-08-15,181000800
2008-08-18,172275100
2008-08-19,194673700
2008-08-20,225498200
2008-08-21,180609800
2008-08-22,167715300
2008-08-25,171936900
2008-08-26,159117200
2008-08-27,171032800
2008-08-28,167537100
2008-08-29,189195800
2008-09-02,252364900
2008-09-03,251947000
2008-09-04,340042500
2008-09-05,289503400
2008-09-08,364075300
2008-09-09,377326800
2008-09-10,298916600
2008-09-11,375369400
2008-09-12,297851200
2008-09-15,483607000
2008-09-16,581744300
2008-09-17,624095600
2008-09-18,776114700
2008-09-19,501087800
2008-09-22,249966500
2008-09-23,327470400
2008-09-24,311818400
2008-09-25,328253000
2008-09-26,285917400
2008-09-29,459562300
2008-09-30,328154400
2008-10-01,332783000
2008-10-02,365337800
2008-10-03,461798000
2008-10-06,610637500
2008-10-07,540012100
2008-10-08,725414800
2008-10-09,534485200
2008-10-10,871026300
2008-10-13,455584000
2008-10-14,546268300
2008-10-15,484627500
2008-10-16,708811200
2008-10-17,476649000
2008-10-20,321294200
2008-10-21,356502000
2008-10-22,516168000
2008-10-23,634666400
2008-10-24,545812600
2008-10-27,397288600
2008-10-28,639939500
2008-10-29,531270100
2008-10-30,414582100
2008-10-31,411394000
2008-11-03,205419400
2008-11-04,346793400
2008-11-05,387844100
2008-11-06,477721900
2008-11-07,380391000
2008-11-10,301773000
2008-11-11,418498200
2008-11-12,454330600
2008-11-13,753141900
2008-11-14,540352300
2008-11-17,415254900
2008-11-18,523811800
2008-11-19,558327600
2008-11-20,814180400
2008-11-21,718536500
2008-11-24,523305300
2008-11-25,454112400
2008-11-26,370134200
2008-11-28,118308100
2008-12-01,369927100
2008-12-02,469508400
2008-12-03,519863500
2008-12-04,444173800
2008-12-05,471905300
2008-12-08,412859300
2008-12-09,370790000
2008-12-10,396187400
2008-12-11,365061000
2008-12-12,415060400
2008-12-15,256694200
2008-12-16,377699500
2008-12-17,281819800
2008-12-18,374673300
2008-12-19,301451300
2008-12-22,243759500
2008-12-23,221625200
2008-12-24,62061600
2008-12-26,74767700
2008-12-29,127795900
2008-12-30,168256300
2008-12-31,193987200
2009-01-02,227566300
2009-01-05,240349700
2009-01-06,328260900
2009-01-07,280899200
2009-01-08,263834400
2009-01-09,330953600
2009-01-12,277858500
2009-01-13,356432300
2009-01-14,435491600
2009-01-15,532647300
2009-01-16,399237200
2009-01-20,419855200
2009-01-21,364360700
2009-01-22,427940300
2009-01-23,386800600
2009-01-26,317978800
2009-01-27,273789700
2009-01-28,330007000
2009-01-29,294392500
2009-01-30,383383600
2009-02-02,288233300
2009-02-03,278385800
2009-02-04,322989300
2009-02-05,417679400
2009-02-06,366101700
2009-02-09,240075200
2009-02-10,536212800
2009-02-11,324442500
2009-02-12,469302200
2009-02-13,293998400
2009-02-17,478910100
2009-02-18,362964800
2009-02-19,316867500
2009-02-20,477176600
2009-02-23,379641400
2009-02-24,426260900
2009-02-25,461985800
2009-02-26,363353900
2009-02-27,470510900
2009-03-02,426452600
2009-03-03,443761000
2009-03-04,462753100
2009-03-05,485549400
2009-03-06,490470000
2009-03-09,379905300
2009-03-10,406227900
2009-03-11,356648300
2009-03-12,409702700
2009-03-13,337474700
2009-03-16,360644900
2009-03-17,356814300
2009-03-18,473273200
2009-03-19,428520400
2009-03-20,371078200
2009-03-23,419933300
2009-03-24,330271000
2009-03-25,441775100
2009-03-26,422025200
2009-03-27,322332300
2009-03-30,324108500
2009-03-31,364238300
2009-04-01,377018300
2009-04-02,476230700
2009-04-03,284646300
2009-04-06,264866600
2009-04-07,258947800
2009-04-08,230402800
2009-04-09,269653500
2009-04-13,224847500
2009-04-14,276598800
2009-04-15,250726100
2009-04-16,335202900
2009-04-17,262649000
2009-04-20,293690100
2009-04-21,114090900
2009-04-22,340395200
2009-04-23,324903700
2009-04-24,287703000
2009-04-27,289581600
2009-04-28,247926300
2009-04-29,311505700
2009-04-30,301419800
2009-05-01,236110300
2009-05-04,287120000
2009-05-05,243036300
2009-05-06,291941000
2009-05-07,317728000
2009-05-08,299081700
2009-05-11,247923600
2009-05-12,282431300
2009-05-13,269619100
2009-05-14,260098700
2009-05-15,271502700
2009-05-18,241447400
2009-05-19,206102200
2009-05-20,285722200
2009-05-21,258988400
2009-05-22,166811900
2009-05-26,236318500
2009-05-27,246015800
2009-05-28,289095000
2009-05-29,258641500
2009-06-01,276246800
2009-06-02,230874500
2009-06-03,235310500
2009-06-04,210102300
2009-06-05,284257900
2009-06-08,238565100
2009-06-09,225125500
2009-06-10,296100400
2009-06-11,275414200
2009-06-12,184361800
2009-06-15,224190500
2009-06-16,227319000
2009-06-17,223445200
2009-06-18,211725100
2009-06-19,215655600
2009-06-22,251913600
2009-06-23,188309800
2009-06-24,211577700
2009-06-25,279411000
2009-06-26,167579000
2009-06-29,168481300
2009-06-30,228888200
2009-07-01,173041100
2009-07-02,212309900
2009-07-06,174499600
2009-07-07,197088900
2009-07-08,248050500
2009-07-09,163777600
2009-07-10,173520300
2009-07-13,217413500
2009-07-14,181487400
2009-07-15,220877900
2009-07-16,231174500
2009-07-17,138561700
2009-07-20,164179400
2009-07-21,217718300
2009-07-22,196068100
2009-07-23,258795500
2009-07-24,154003100
2009-07-27,159259400
2009-07-28,186685200
2009-07-29,194399300
2009-07-30,225575400
2009-07-31,207358000
2009-08-03,175776900
2009-08-04,176714600
2009-08-05,184726400
2009-08-06,193203800
2009-08-07,220640900
2009-08-10,130898700
2009-08-11,157301000
2009-08-12,219052400
2009-08-13,176449500
2009-08-14,199616100
2009-08-17,237667500
2009-08-18,173461500
2009-08-19,192812800
2009-08-20,174131300
2009-08-21,224605000
2009-08-24,191279000
2009-08-25,215310600
2009-08-26,194620700
2009-08-27,196230100
2009-08-28,147024400
2009-08-31,176051600
2009-09-01,321276800
2009-09-02,171805000
2009-09-03,143572300
2009-09-04,142687900
2009-09-08,132909100
2009-09-09,154612500
2009-09-10,162902400
2009-09-11,152360100
2009-09-14,149593800
2009-09-15,196795900
2009-09-16,206406300
2009-09-17,229170900
2009-09-18,153799100
2009-09-21,151892000
2009-09-22,143126700
2009-09-23,225947400
2009-09-24,228636800
2009-09-25,204059000
2009-09-28,118285800
2009-09-29,133733900
2009-09-30,254383000
2009-10-01,281840600
2009-10-02,224748800
2009-10-05,149875000
2009-10-06,202491100
2009-10-07,159200300
2009-10-08,183305800
2009-10-09,135008300
2009-10-12,118031000
2009-10-13,157692700
2009-10-14,191421600
2009-10-15,173873600
2009-10-16,192069400
2009-10-19,159530400
2009-10-20,180921100
2009-10-21,225379300
2009-10-22,238444000
2009-10-23,240033200
2009-10-26,242028200
2009-10-27,253266300
2009-10-28,248821400
2009-10-29,198110600
2009-10-30,325608100
2009-11-02,254222900
2009-11-03,228362600
2009-11-04,247996700
2009-11-05,180015300
2009-11-06,170954100
2009-11-09,159495700
2009-11-10,171899800
2009-11-11,169466200
2009-11-12,157144500
2009-11-13,150963000
2009-11-16,210922200
2009-11-17,147134100
2009-11-18,156486800
2009-11-19,208734600
2009-11-20,134196000
2009-11-23,148010200
2009-11-24,138420100
2009-11-25,109564800
2009-11-27,126001800
2009-11-30,160874800
2009-12-01,159613700
2009-12-02,132315100
2009-12-03,167324900
2009-12-04,274907800
2009-12-07,127973800
2009-12-08,169863700
2009-12-09,155063400
2009-12-10,138014600
2009-12-11,124854000
2009-12-14,107141500
2009-12-15,120408800
2009-12-16,155358200
2009-12-17,183390100
2009-12-18,174591200
2009-12-21,118039600
2009-12-22,91707500
2009-12-23,111783100
2009-12-24,39677500
2009-12-28,87508500
2009-12-29,80572500
2009-12-30,73138400
2009-12-31,90637900
2010-01-04,118944600
2010-01-05,111579900
2010-01-06,116074400
2010-01-07,131091100
2010-01-08,126402800
2010-01-11,106375700
2010-01-12,163333500
2010-01-13,161822000
2010-01-14,115718800
2010-01-15,212283100
2010-01-19,139172700
2010-01-20,216490200
2010-01-21,344859600
2010-01-22,345942400
2010-01-25,186937500
2010-01-26,211168800
2010-01-27,271863600
2010-01-28,316104000
2010-01-29,310677600
2010-02-01,187865000
2010-02-02,216327900
2010-02-03,172730700
2010-02-04,356715700
2010-02-05,493585800
2010-02-08,224166900
2010-02-09,337820500
2010-02-10,240511500
2010-02-11,223591600
2010-02-12,304622100
2010-02-16,159317500
2010-02-17,168845100
2010-02-18,193708600
2010-02-19,222684900
2010-02-22,132346900
2010-02-23,207497000
2010-02-24,176350700
2010-02-25,259634700
2010-02-26,173589300
2010-03-01,147709700
2010-03-02,160992400
2010-03-03,150785000
2010-03-04,135770400
2010-03-05,176118800
2010-03-08,114631200
2010-03-09,154556700
2010-03-10,186088800
2010-03-11,160791100
2010-03-12,162074800
2010-03-15,146816800
2010-03-16,168673000
2010-03-17,177468100
2010-03-18,196509100
2010-03-19,226641100
2010-03-22,184477800
2010-03-23,182941600
2010-03-24,196072600
2010-03-25,223396300
2010-03-26,205808500
2010-03-29,134513500
2010-03-30,145772500
2010-03-31,161078700
2010-04-01,161215200
2010-04-05,105847600
2010-04-06,110384200
2010-04-07,184576300
2010-04-08,158704000
2010-04-09,133006500
2010-04-12,110279000
2010-04-13,125043600
2010-04-14,161609000
2010-04-15,144615300
2010-04-16,366786700
2010-04-19,217947800
2010-04-20,157708000
2010-04-21,192910100
2010-04-22,115360300
2010-04-23,177335500
2010-04-26,143457300
2010-04-27,355853300
2010-04-28,300674100
2010-04-29,193775000
2010-04-30,270000900
2010-05-03,182747900
2010-05-04,360353400
2010-05-05,328973200
2010-05-06,647356600
2010-05-07,637558800
2010-05-10,396159600
2010-05-11,317849800
2010-05-12,235607100
2010-05-13,234452500
2010-05-14,345601400
2010-05-17,325739800
2010-05-18,360556800
2010-05-19,394742700
2010-05-20,530418300
2010-05-21,500909400
2010-05-24,269823000
2010-05-25,396505200
2010-05-26,349719300
2010-05-27,300870500
2010-05-28,297933500
2010-06-01,277909400
2010-06-02,240243700
2010-06-03,226618300
2010-06-04,398475600
2010-06-07,264609100
2010-06-08,357774300
2010-06-09,268023300
2010-06-10,317890600
2010-06-11,214128200
2010-06-14,207196100
2010-06-15,238268700
2010-06-16,216374000
2010-06-17,263185800
2010-06-18,174006600
2010-06-21,213140700
2010-06-22,239355400
2010-06-23,254639900
2010-06-24,268523600
2010-06-25,238726500
2010-06-28,169218600
2010-06-29,373649500
2010-06-30,284101700
2010-07-01,382924800
2010-07-02,233385200
2010-07-06,256935300
2010-07-07,253769400
2010-07-08,210842100
2010-07-09,144999900
2010-07-12,131283600
2010-07-13,213025900
2010-07-14,184426800
2010-07-15,232337900
2010-07-16,282693400
2010-07-19,186709000
2010-07-20,258162400
2010-07-21,264527000
2010-07-22,274781300
2010-07-23,222020800
2010-07-26,184445700
2010-07-27,204855600
2010-07-28,163056200
2010-07-29,220149100
2010-07-30,220070600
2010-08-02,188263200
2010-08-03,146657300
2010-08-04,158171700
2010-08-05,140473800
2010-08-06,239728300
2010-08-09,120800400
2010-08-10,242916300
2010-08-11,273406900
2010-08-12,239542600
2010-08-13,158698500
2010-08-16,147895300
2010-08-17,172270300
2010-08-18,182922100
2010-08-19,265847600
2010-08-20,209714200
2010-08-23,163490300
2010-08-24,280677800
2010-08-25,272234800
2010-08-26,224439500
2010-08-27,272649000
2010-08-30,167238600
2010-08-31,273933100
2010-09-01,256828100
2010-09-02,156112200
2010-09-03,212197300
2010-09-07,141973700
2010-09-08,149924400
2010-09-09,147017900
2010-09-10,127819000
2010-09-13,178503500
2010-09-14,209823600
2010-09-15,168608400
2010-09-16,199962900
2010-09-17,195836900
2010-09-20,214555200
2010-09-21,268389100
2010-09-22,191322400
2010-09-23,202354300
2010-09-24,209671800
2010-09-27,128761800
2010-09-28,209207500
2010-09-29,179665800
2010-09-30,287106700
2010-10-01,174638700
2010-10-04,166153200
2010-10-05,229634100
2010-10-06,148626600
2010-10-07,164860000
2010-10-08,177760100
2010-10-11,103098300
2010-10-12,182210000
2010-10-13,194347200
2010-10-14,217764300
2010-10-15,243705000
2010-10-18,141204800
2010-10-19,280604700
2010-10-20,200051800
2010-10-21,221585500
2010-10-22,108212400
2010-10-25,151145700
2010-10-26,158982900
2010-10-27,190024000
2010-10-28,168576000
2010-10-29,144305500
2010-11-01,174074800
2010-11-02,158345900
2010-11-03,226702800
2010-11-04,215039400
2010-11-05,180654100
2010-11-08,156107100
2010-11-09,186621600
2010-11-10,221387400
2010-11-11,158017600
2010-11-12,239068800
2010-11-15,163940800
2010-11-16,299566200
2010-11-17,172308900
2010-11-18,197723700
2010-11-19,156852900
2010-11-22,181361000
2010-11-23,222309000
2010-11-24,140046100
2010-11-26,76007800
2010-11-29,223642300
2010-11-30,233930700
2010-12-01,221037200
2010-12-02,191213600
2010-12-03,151288900
2010-12-06,103050500
2010-12-07,206581000
2010-12-08,138019200
2010-12-09,123705100
2010-12-10,117571700
2010-12-13,133812700
2010-12-14,147249600
2010-12-15,160823100
2010-12-16,185035200
2010-12-17,141075300
2010-12-20,119085500
2010-12-21,94965500
2010-12-22,78878100
2010-12-23,70053700
2010-12-27,58126000
2010-12-28,55309100
2010-12-29,58033100
2010-12-30,76616900
2010-12-31,91218900
2011-01-03,138725200
2011-01-04,137409700
2011-01-05,133975300
2011-01-06,122519000
2011-01-07,156034600
2011-01-10,122401700
2011-01-11,110287000
2011-01-12,107929200
2011-01-13,129048400
2011-01-14,117677900
2011-01-18,114401300
2011-01-19,151958400
2011-01-20,175745700
2011-01-21,151462900
2011-01-24,113715500
2011-01-25,167552200
2011-01-26,141281500
2011-01-27,123302700
2011-01-28,295637300
2011-01-31,149249200
2011-02-01,167194300
2011-02-02,118323600
2011-02-03,145886700
2011-02-04,134634800
2011-02-07,112439100
2011-02-08,99072800
2011-02-09,146436700
2011-02-10,162708500
2011-02-11,137710300
2011-02-14,101690700
2011-02-15,119575400
2011-02-16,130183500
2011-02-17,109810500
2011-02-18,130002400
2011-02-22,233116400
2011-02-23,227584000
2011-02-24,260431400
2011-02-25,141686900
2011-02-28,141585500
2011-03-01,258565500
2011-03-02,200277400
2011-03-03,176480100
2011-03-04,277202300
2011-03-07,216790400
2011-03-08,174615000
2011-03-09,153806000
2011-03-10,301291800
2011-03-11,225621800
2011-03-14,234974100
2011-03-15,359585400
2011-03-16,468670300
2011-03-17,254303700
2011-03-18,230435400
2011-03-21,153992600
2011-03-22,129538600
2011-03-23,148603100
2011-03-24,159129800
2011-03-25,155642800
2011-03-28,109762400
2011-03-29,129798800
2011-03-30,135835000
2011-03-31,132537100
2011-04-01,153850100
2011-04-04,100768900
2011-04-05,120791500
2011-04-06,120411600
2011-04-07,170731500
2011-04-08,147945400
2011-04-11,121385400
2011-04-12,161187400
2011-04-13,162059000
2011-04-14,161220400
2011-04-15,170006700
2011-04-18,210759300
2011-04-19,124258800
2011-04-20,156133800
2011-04-21,135935400
2011-04-25,65757100
2011-04-26,146600000
2011-04-27,143031000
2011-04-28,124791100
2011-04-29,115094100
2011-05-02,126278700
2011-05-03,138375000
2011-05-04,182678500
2011-05-05,226900000
2011-05-06,222787200
2011-05-09,114104500
2011-05-10,114806900
2011-05-11,193564200
2011-05-12,171550700
2011-05-13,157444900
2011-05-16,141675400
2011-05-17,192686200
2011-05-18,135217900
2011-05-19,119489500
2011-05-20,182594900
2011-05-23,168700000
2011-05-24,147199600
2011-05-25,151050100
2011-05-26,164850000
2011-05-27,120921900
2011-05-31,164731200
2011-06-01,233094300
2011-06-02,200466800
2011-06-03,234690200
2011-06-06,179951200
2011-06-07,161660500
2011-06-08,198696400
2011-06-09,160964400
2011-06-10,238629400
2011-06-13,207599800
2011-06-14,160570400
2011-06-15,300958000
2011-06-16,308032800
2011-06-17,233284900
2011-06-20,159479000
2011-06-21,193157300
2011-06-22,176703000
2011-06-23,334286500
2011-06-24,226129300
2011-06-27,168904700
2011-06-28,165556300
2011-06-29,244295500
2011-06-30,223322700
2011-07-01,202385700
2011-07-05,165936000
2011-07-06,143331600
2011-07-07,170464200
2011-07-08,194100500
2011-07-11,195918600
2011-07-12,214675700
2011-07-13,204062600
2011-07-14,226111800
2011-07-15,220012800
2011-07-18,196872100
2011-07-19,166554900
2011-07-20,137145400
2011-07-21,245246300
2011-07-22,126019400
2011-07-25,136653800
2011-07-26,131278200
2011-07-27,249020100
2011-07-28,207939900
2011-07-29,307038400
2011-08-01,325790900
2011-08-02,346653800
2011-08-03,370830800
2011-08-04,520721800
2011-08-05,655619200
2011-08-08,702263900
2011-08-09,717828700
2011-08-10,662607400
2011-08-11,487979700
2011-08-12,313731600
2011-08-15,258810600
2011-08-16,294095200
2011-08-17,238201100
2011-08-18,512956300
2011-08-19,428281300
2011-08-22,275090600
2011-08-23,331136600
2011-08-24,246869700
2011-08-25,312365400
2011-08-26,314495900
2011-08-29,190977200
2011-08-30,241315700
2011-08-31,301828400
2011-09-01,254585900
2011-09-02,255517200
2011-09-06,285130500
2011-09-07,209803200
2011-09-08,250568200
2011-09-09,380195100
2011-09-12,305793500
2011-09-13,272514700
2011-09-14,319389500
2011-09-15,326777200
2011-09-16,284528300
2011-09-19,241517000
2011-09-20,218932200
2011-09-21,316251300
2011-09-22,513911300
2011-09-23,307242500
2011-09-26,260673700
2011-09-27,311753900
2011-09-28,286696800
2011-09-29,298108900
2011-09-30,288392300
2011-10-03,365136800
2011-10-04,459177500
2011-10-05,284108000
2011-10-06,257800800
2011-10-07,312657900
2011-10-10,230666300
2011-10-11,209088000
2011-10-12,281544900
2011-10-13,212538800
2011-10-14,211397600
2011-10-17,202311600
2011-10-18,318857900
2011-10-19,226601300
2011-10-20,262075600
2011-10-21,278999400
2011-10-24,203215600
2011-10-25,268596800
2011-10-26,289053800
2011-10-27,393220200
2011-10-28,225906500
2011-10-31,228146700
2011-11-01,416565800
2011-11-02,244717600
2011-11-03,291174800
2011-11-04,249401600
2011-11-07,196617200
2011-11-08,224426300
2011-11-09,337982000
2011-11-10,231866500
2011-11-11,189924400
2011-11-14,159258300
2011-11-15,184709400
2011-11-16,235782500
2011-11-17,331219600
2011-11-18,215580400
2011-11-21,229611600
2011-11-22,216494900
2011-11-23,224329100
2011-11-25,99557000
2011-11-28,210686000
2011-11-29,199241500
2011-11-30,324439500
2011-12-01,176954800
2011-12-02,221109700
2011-12-05,225263900
2011-12-06,178842100
2011-12-07,237802500
2011-12-08,240862800
2011-12-09,209111400
2011-12-12,215826100
2011-12-13,245159800
2011-12-14,238618800
2011-12-15,199109200
2011-12-16,220481400
2011-12-19,183903000
2011-12-20,225418100
2011-12-21,194230900
2011-12-22,119465400
2011-12-23,92187200
2011-12-27,86075700
2011-12-28,119107100
2011-12-29,123507200
2011-12-30,95599000
2012-01-03,193697900
2012-01-04,127186500
2012-01-05,173895000
2012-01-06,148050000
2012-01-09,99530200
2012-01-10,115282000
2012-01-11,111540700
2012-01-12,118983700
2012-01-13,179836200
2012-01-17,132209200
2012-01-18,163395200
2012-01-19,126328900
2012-01-20,138230200
2012-01-23,129295800
2012-01-24,103083300
2012-01-25,198613200
2012-01-26,184880500
2012-01-27,135259100
2012-01-30,147311800
2012-01-31,157212000
2012-02-01,166234500
2012-02-02,113090400
2012-02-03,160598500
2012-02-06,107694500
2012-02-07,135528100
2012-02-08,139361400
2012-02-09,148602900
2012-02-10,167907500
2012-02-13,115841900
2012-02-14,165329500
2012-02-15,195195100
2012-02-16,186567800
2012-02-17,129869400
2012-02-21,134042300
2012-02-22,124455300
2012-02-23,137704300
2012-02-24,105539100
2012-02-27,145728900
2012-02-28,129355900
2012-02-29,185934700
2012-03-01,145023500
2012-03-02,120638300
2012-03-05,140765000
2012-03-06,202129900
2012-03-07,143692200
2012-03-08,116968900
2012-03-09,122836800
2012-03-12,104003500
2012-03-13,184090500
2012-03-14,145163600
2012-03-15,165118500
2012-03-16,152893500
2012-03-19,125291100
2012-03-20,121729700
2012-03-21,122388400
2012-03-22,135216700
2012-03-23,120521000
2012-03-26,120164000
2012-03-27,119868500
2012-03-28,148562100
2012-03-29,164963700
2012-03-30,135486800
2012-04-02,151741100
2012-04-03,155806700
2012-04-04,146896000
2012-04-05,137439400
2012-04-09,127555900
2012-04-10,235360300
2012-04-11,154133000
2012-04-12,154321500
2012-04-13,169246700
2012-04-16,147825300
2012-04-17,147877600
2012-04-18,123884200
2012-04-19,198666700
2012-04-20,143199600
2012-04-23,171844900
2012-04-24,137484200
2012-04-25,150252200
2012-04-26,136291600
2012-04-27,130725000
2012-04-30,115092200
2012-05-01,138832200
2012-05-02,121081000
2012-05-03,143759700
2012-05-04,193927300
2012-05-07,127765900
2012-05-08,213377700
2012-05-09,220752500
2012-05-10,150600000
2012-05-11,153032400
2012-05-14,163910000
2012-05-15,207629300
2012-05-16,207265500
2012-05-17,247992900
2012-05-18,319615900
2012-05-21,177861100
2012-05-22,197531200
2012-05-23,204958400
2012-05-24,167357600
2012-05-25,135465600
2012-05-29,152883500
2012-05-30,162370400
2012-05-31,196186000
2012-06-01,253240900
2012-06-04,202545800
2012-06-05,164149400
2012-06-06,184202800
2012-06-07,184772700
2012-06-08,143915400
2012-06-11,169756100
2012-06-12,181931800
2012-06-13,172223900
2012-06-14,230615500
2012-06-15,169444500
2012-06-18,131360900
2012-06-19,137382600
2012-06-20,206451800
2012-06-21,205272200
2012-06-22,130029200
2012-06-25,146375700
2012-06-26,141634000
2012-06-27,108088000
2012-06-28,169242100
2012-06-29,212250900
2012-07-02,129524500
2012-07-03,80450000
2012-07-05,126177500
2012-07-06,151192100
2012-07-09,103780500
2012-07-10,167884800
2012-07-11,141733400
2012-07-12,143583200
2012-07-13,129642600
2012-07-16,97525200
2012-07-17,138860300
2012-07-18,113349700
2012-07-19,129847300
2012-07-20,142904500
2012-07-23,145210900
2012-07-24,173301200
2012-07-25,129122300
2012-07-26,156526500
2012-07-27,236768900
2012-07-30,106782000
2012-07-31,120575900
2012-08-01,138293800
2012-08-02,199556600
2012-08-03,157825000
2012-08-06,86326200
2012-08-07,109545100
2012-08-08,89754700
2012-08-09,90291700
2012-08-10,99792700
2012-08-13,79426900
2012-08-14,102379400
2012-08-15,71085900
2012-08-16,112014200
2012-08-17,90813700
2012-08-20,78255700
2012-08-21,105581100
2012-08-22,133243500
2012-08-23,111466400
2012-08-24,99481200
2012-08-27,68785900
2012-08-28,75689600
2012-08-29,65421300
2012-08-30,96589900
2012-08-31,151970400
2012-09-04,120226200
2012-09-05,100660300
2012-09-06,158272500
2012-09-07,107272100
2012-09-10,86458500
2012-09-11,88760000
2012-09-12,87640900
2012-09-13,225470200
2012-09-14,169777000
2012-09-17,119427800
2012-09-18,98326600
2012-09-19,128318300
2012-09-20,154009800
2012-09-21,108737500
2012-09-24,95682000
2012-09-25,133165200
2012-09-26,146502200
2012-09-27,111830300
2012-09-28,150696100
2012-10-01,135911200
2012-10-02,113422200
2012-10-03,121283100
2012-10-04,124311600
2012-10-05,124842100
2012-10-08,78415400
2012-10-09,148872900
2012-10-10,124247500
2012-10-11,123601500
2012-10-12,124181900
2012-10-15,107689100
2012-10-16,108815500
2012-10-17,128834100
2012-10-18,148108500
2012-10-19,185645200
2012-10-22,125578600
2012-10-23,192056300
2012-10-24,120179400
2012-10-25,134457400
2012-10-26,146023500
2012-10-31,103438500
2012-11-01,100995600
2012-11-02,137702200
2012-11-05,98378500
2012-11-06,107068100
2012-11-07,264304500
2012-11-08,181517300
2012-11-09,201055300
2012-11-12,97677500
2012-11-13,123018300
2012-11-14,191505000
2012-11-15,178128400
2012-11-16,239483900
2012-11-19,151495800
2012-11-20,119807400
2012-11-21,81710800
2012-11-23,65409200
2012-11-26,100124400
2012-11-27,128646200
2012-11-28,177086500
2012-11-29,151085900
2012-11-30,136568300
2012-12-03,124656300
2012-12-04,127512200
2012-12-05,147300500
2012-12-06,103220600
2012-12-07,108726400
2012-12-10,98840700
2012-12-11,152570400
2012-12-12,145880100
2012-12-13,135715000
2012-12-14,137701700
2012-12-17,143238200
2012-12-18,177762800
2012-12-19,150895400
2012-12-20,168487000
2012-12-21,245883800
2012-12-24,53874600
2012-12-26,106947700
2012-12-27,167920600
2012-12-28,148806700
2012-12-31,243935200
2013-01-02,192059000
2013-01-03,144761800
2013-01-04,116817700
2013-01-07,110002500
2013-01-08,121265100
2013-01-09,90745600
2013-01-10,130735400
2013-01-11,113917300
2013-01-14,89567200
2013-01-15,93172600
2013-01-16,104849500
2013-01-17,133833500
2013-01-18,169906000
2013-01-22,111797300
2013-01-23,104596100
2013-01-24,146426400
2013-01-25,147211600
2013-01-28,113357700
2013-01-29,105694400
2013-01-30,137447700
2013-01-31,108975800
2013-02-01,131173000
2013-02-04,159073600
2013-02-05,113912400
2013-02-06,138762800
2013-02-07,162490000
2013-02-08,103133700
2013-02-11,73775000
2013-02-12,65392700
2013-02-13,82322600
2013-02-14,80834300
2013-02-15,215226500
2013-02-19,95105400
2013-02-20,160574800
2013-02-21,183257000
2013-02-22,106356600
2013-02-25,245824800
2013-02-26,186596200
2013-02-27,150781900
2013-02-28,126866000
2013-03-01,170634800
2013-03-04,99010200
2013-03-05,121431900
2013-03-06,94469900
2013-03-07,86101400
2013-03-08,123477800
2013-03-11,83746800
2013-03-12,105755800
2013-03-13,92550900
2013-03-14,126329900
2013-03-15,138601100
2013-03-18,126704300
2013-03-19,167567300
2013-03-20,113759300
2013-03-21,128605000
2013-03-22,111163600
2013-03-25,151322300
2013-03-26,86856600
2013-03-27,99950600
2013-03-28,102932800
2013-04-01,99194100
2013-04-02,101504300
2013-04-03,154167400
2013-04-04,131885000
2013-04-05,159666000
2013-04-08,86571200
2013-04-09,101922200
2013-04-10,135711100
2013-04-11,110142500
2013-04-12,116359900
2013-04-15,217259000
2013-04-16,147507800
2013-04-17,226834800
2013-04-18,167583200
2013-04-19,149687600
2013-04-22,106553500
2013-04-23,166141300
2013-04-24,96781200
2013-04-25,131060600
2013-04-26,95918800
2013-04-29,88572800
2013-04-30,116010700
2013-05-01,138874200
2013-05-02,96407600
2013-05-03,144202300
2013-05-06,66882100
2013-05-07,90359200
2013-05-08,97419200
2013-05-09,106738600
2013-05-10,103203000
2013-05-13,81843200
2013-05-14,119000900
2013-05-15,120718500
2013-05-16,109913600
2013-05-17,129801000
2013-05-20,85071200
2013-05-21,95804200
2013-05-22,244031800
2013-05-23,211064400
2013-05-24,151573900
2013-05-28,143679800
2013-05-29,160363400
2013-05-30,107793800
2013-05-31,176850100
2013-06-03,168390700
2013-06-04,157631500
2013-06-05,211737800
2013-06-06,200225500
2013-06-07,188337800
2013-06-10,105667100
2013-06-11,159505400
2013-06-12,177361500
2013-06-13,163587800
2013-06-14,141197500
2013-06-17,136295600
2013-06-18,114695600
2013-06-19,206149500
2013-06-20,321255900
2013-06-21,271956800
2013-06-24,222329000
2013-06-25,162262200
2013-06-26,134848000
2013-06-27,129483700
2013-06-28,160402900
2013-07-01,131954800
2013-07-02,154863700
2013-07-03,75216400
2013-07-05,122416900
2013-07-08,108092500
2013-07-09,119298000
2013-07-10,121410100
2013-07-11,135592200
2013-07-12,104212700
2013-07-15,69450600
2013-07-16,88702100
2013-07-17,92873900
2013-07-18,103620100
2013-07-19,103831700
2013-07-22,79428600
2013-07-23,80829700
2013-07-24,112914000
2013-07-25,111088600
2013-07-26,107814600
2013-07-29,79695000
2013-07-30,85209600
2013-07-31,142388700
2013-08-01,110438400
2013-08-02,91116700
2013-08-05,54072700
2013-08-06,87495000
2013-08-07,84854700
2013-08-08,102181300
2013-08-09,91757700
2013-08-12,68593300
2013-08-13,80806000
2013-08-14,79829200
2013-08-15,152931800
2013-08-16,130868200
2013-08-19,96437600
2013-08-20,89294400
2013-08-21,159530500
2013-08-22,101471400
2013-08-23,90888900
2013-08-26,89702100
2013-08-27,158619400
2013-08-28,108113000
2013-08-29,119200500
2013-08-30,134928900
2013-09-03,142375100
2013-09-04,97389400
2013-09-05,63090500
2013-09-06,159756500
2013-09-09,87559300
2013-09-10,105847200
2013-09-11,94545900
2013-09-12,83209000
2013-09-13,72727800
2013-09-16,106299200
2013-09-17,82523300
2013-09-18,203460600
2013-09-19,146616900
2013-09-20,132867100
2013-09-23,104616500
2013-09-24,106333100
2013-09-25,117306500
2013-09-26,77146900
2013-09-27,99141800
2013-09-30,143937000
2013-10-01,127160000
2013-10-02,113350000
2013-10-03,176698000
2013-10-04,96878000
2013-10-07,96295000
2013-10-08,178015000
2013-10-09,168973000
2013-10-10,195955000
2013-10-11,105040000
2013-10-14,112106000
2013-10-15,155485000
2013-10-16,161676000
2013-10-17,129389000
2013-10-18,138316000
2013-10-21,104104000
2013-10-22,126663000
2013-10-23,105484000
2013-10-24,70350000
2013-10-25,93625000
2013-10-28,84979000
2013-10-29,87401000
2013-10-30,140002000
2013-10-31,133795000
2013-11-01,142805000
2013-11-04,85677000
2013-11-05,85825000
2013-11-06,87348000
2013-11-07,157000000
2013-11-08,136713000
2013-11-11,62614000
2013-11-12,83990000
2013-11-13,103844000
2013-11-14,103435000
2013-11-15,102818000
2013-11-18,104796000
2013-11-19,93891000
2013-11-20,124909000
2013-11-21,92841000
2013-11-22,81296000
2013-11-25,79486000
2013-11-26,86994000
2013-11-27,58800000
2013-11-29,55870900
2013-12-02,99726000
2013-12-03,116563000
2013-12-04,123033000
2013-12-05,106934000
2013-12-06,127728000
2013-12-09,70124000
2013-12-10,80976000
2013-12-11,130591000
2013-12-12,115565000
2013-12-13,107808000
2013-12-16,96195000
2013-12-17,89886000
2013-12-18,234906000
2013-12-19,136531200
2013-12-20,197087000
2013-12-23,85598000
2013-12-24,45368800
2013-12-26,63365000
2013-12-27,61814000
2013-12-30,56857000
2013-12-31,86119900
2014-01-02,119636900
2014-01-03,81390600
2014-01-06,108028200
2014-01-07,86144200
2014-01-08,96582300
2014-01-09,90683400
2014-01-10,102026400
2014-01-13,149892000
2014-01-14,105016100
2014-01-15,98525800
2014-01-16,72290600
2014-01-17,107848700
2014-01-21,88621200
2014-01-22,61270900
2014-01-23,132496900
2014-01-24,208677100
2014-01-27,180843100
2014-01-28,110463200
2014-01-29,216597300
2014-01-30,118938100
2014-01-31,194677900
2014-02-03,254837100
2014-02-04,165012400
2014-02-05,164230500
2014-02-06,132877600
2014-02-07,170787200
2014-02-10,92218800
2014-02-11,117814100
2014-02-12,94717700
2014-02-13,100542200
2014-02-14,96498400
2014-02-18,80460900
2014-02-19,126524300
2014-02-20,104998100
2014-02-21,118116400
2014-02-24,114063900
2014-02-25,117085000
2014-02-26,98677200
2014-02-27,93880800
2014-02-28,150842000
2014-03-03,167748500
2014-03-04,167545900
2014-03-05,88376900
2014-03-06,82516500
2014-03-07,114513500
2014-03-10,74939200
2014-03-11,99009100
2014-03-12,104824400
2014-03-13,155014300
2014-03-14,153919600
2014-03-17,98359500
2014-03-18,101804600
2014-03-19,176267300
2014-03-20,117241000
2014-03-21,163128000
2014-03-24,121411000
2014-03-25,103852000
2014-03-26,119843000
2014-03-27,142383000
2014-03-28,101642000
2014-03-31,99745000
2014-04-01,89193000
2014-04-02,78774000
2014-04-03,77435000
2014-04-04,169381000
2014-04-07,140803000
2014-04-08,112660000
2014-04-09,100254000
2014-04-10,172959000
2014-04-11,167251000
2014-04-14,132382000
2014-04-15,157093000
2014-04-16,105197000
2014-04-17,105255000
2014-04-21,68329000
2014-04-22,85790000
2014-04-23,73869000
2014-04-24,88170000
2014-04-25,100380000
2014-04-28,135121000
2014-04-29,84098000
2014-04-30,101508000
2014-05-01,93019000
2014-05-02,98122000
2014-05-05,75883000
2014-05-06,85454000
2014-05-07,106500000
2014-05-08,93618000
2014-05-09,83679000
2014-05-12,86940000
2014-05-13,66454000
2014-05-14,72367000
2014-05-15,154956000
2014-05-16,97458000
2014-05-19,63839000
2014-05-20,111644000
2014-05-21,89093000
2014-05-22,61549000
2014-05-23,61092800
2014-05-27,72010000
2014-05-28,66723000
2014-05-29,64377000
2014-05-30,76316000
2014-06-02,64656000
2014-06-03,65047000
2014-06-04,55529000
2014-06-05,92103000
2014-06-06,78696000
2014-06-09,65119000
2014-06-10,57129000
2014-06-11,68772000
2014-06-12,106350000
2014-06-13,82017000
2014-06-16,87424000
2014-06-17,84834000
2014-06-18,105267000
2014-06-19,85929000
2014-06-20,100587000
2014-06-23,70611000
2014-06-24,96237000
2014-06-25,82782000
2014-06-26,84312000
2014-06-27,71445100
2014-06-30,70201200
2014-07-01,90470000
2014-07-02,52475000
2014-07-03,52938800
2014-07-07,61696000
2014-07-08,108143000
2014-07-09,72992000
2014-07-10,99040000
2014-07-11,64243000
2014-07-14,58658000
2014-07-15,111307000
2014-07-16,79986400
2014-07-17,145398000
2014-07-18,124330000
2014-07-21,67592000
2014-07-22,67678000
2014-07-23,65612000
2014-07-24,56888000
2014-07-25,76837000
2014-07-28,69259000
2014-07-29,80466000
2014-07-30,104222000
2014-07-31,183479000
2014-08-01,189261000
2014-08-04,91340000
2014-08-05,152690000
2014-08-06,94818000
2014-08-07,135733000
2014-08-08,117014000
2014-08-11,74544000
2014-08-12,73632000
2014-08-13,69047000
2014-08-14,57371000
2014-08-15,139951000
2014-08-18,75424000
2014-08-19,59135000
2014-08-20,72763000
2014-08-21,67791000
2014-08-22,76107000
2014-08-25,63855000
2014-08-26,47298000
2014-08-27,47874000
2014-08-28,58330000
2014-08-29,65907000
2014-09-02,72426000
2014-09-03,57462000
2014-09-04,85236000
2014-09-05,102177000
2014-09-08,64146000
2014-09-09,88591000
2014-09-10,67251000
2014-09-11,66774400
2014-09-12,117409300
2014-09-15,76401000
2014-09-16,116201000
2014-09-17,151266000
2014-09-18,94990000
2014-09-19,121649000
2014-09-22,125553000
2014-09-23,111393000
2014-09-24,107276000
2014-09-25,150300000
2014-09-26,103547000
2014-09-29,95112000
2014-09-30,131302000
2014-10-01,177798000
2014-10-02,157285000
2014-10-03,121569000
2014-10-06,104778000
2014-10-07,147913000
2014-10-08,186461000
2014-10-09,210705000
2014-10-10,221909000
2014-10-13,230939000
2014-10-14,215847000
2014-10-15,380715000
2014-10-16,270391000
2014-10-17,214625000
2014-10-20,130011000
2014-10-21,154949000
2014-10-22,151822000
2014-10-23,154944000
2014-10-24,117927000
2014-10-27,82954000
2014-10-28,106736000
2014-10-29,142557000
2014-10-30,113330000
2014-10-31,146903000
2014-11-03,93600000
2014-11-04,93343000
2014-11-05,91709000
2014-11-06,107089000
2014-11-07,89540000
2014-11-10,66319000
2014-11-11,54499400
2014-11-12,90120300
2014-11-13,85357900
2014-11-14,80417500
2014-11-17,80441000
2014-11-18,76068100
2014-11-19,82373000
2014-11-20,72840300
2014-11-21,142327300
2014-11-24,65880800
2014-11-25,79108300
2014-11-26,62167800
2014-11-28,57890100
2014-12-01,103968400
2014-12-02,74507200
2014-12-03,68952000
2014-12-04,91316600
2014-12-05,91025500
2014-12-08,108588200
2014-12-09,125180100
2014-12-10,159856400
2014-12-11,159012800
2014-12-12,202330200
2014-12-15,189965800
2014-12-16,259543800
2014-12-17,253910100
2014-12-18,257633900
2014-12-19,245084600
2014-12-22,148318900
2014-12-23,122167900
2014-12-24,42963400
2014-12-26,57326700
2014-12-29,79643900
2014-12-30,73540800
2014-12-31,130333800
2015-01-02,121465900
2015-01-05,169632600
2015-01-06,209151400
2015-01-07,125346700
2015-01-08,147217800
2015-01-09,158567300
2015-01-12,144396100
2015-01-13,214553300
2015-01-14,192991100
2015-01-15,176613900
2015-01-16,211879600
2015-01-20,130991100
2015-01-21,122942700
2015-01-22,174356000
2015-01-23,117516800
2015-01-26,92009700
2015-01-27,134044600
2015-01-28,168514300
2015-01-29,173585400
2015-01-30,197729700
2015-02-02,163107000
2015-02-03,124212900
2015-02-04,134306700
2015-02-05,97953200
2015-02-06,125672000
2015-02-09,87219000
2015-02-10,96164200
2015-02-11,91087800
2015-02-12,97545900
2015-02-13,93670400
2015-02-17,76968200
2015-02-18,80652900
2015-02-19,91462500
2015-02-20,140896400
2015-02-23,74411100
2015-02-24,72472300
2015-02-25,73061700
2015-02-26,72697900
2015-02-27,108076000
2015-03-02,87491400
2015-03-03,110325800
2015-03-04,114497200
2015-03-05,76873000
2015-03-06,188128000
2015-03-09,89818900
2015-03-10,157121300
2015-03-11,110145700
2015-03-12,93993500
2015-03-13,162410900
2015-03-16,136099200
2015-03-17,94510400
2015-03-18,228808500
2015-03-19,117917300
2015-03-20,177715100
2015-03-23,71784500
2015-03-24,77805300
2015-03-25,159521700
2015-03-26,153067200
2015-03-27,118939000
2015-03-30,96180400
2015-03-31,126768700
2015-04-01,137303600
2015-04-02,86900900
2015-04-06,114368200
2015-04-07,81236300
2015-04-08,89351900
2015-04-09,85548900
2015-04-10,72722900
2015-04-13,74436600
2015-04-14,75099900
2015-04-15,99529300
2015-04-16,68934900
2015-04-17,191113200
2015-04-20,92189500
2015-04-21,72559800
2015-04-22,78264600
2015-04-23,102585900
2015-04-24,61327400
2015-04-27,79358100
2015-04-28,86863500
2015-04-29,125684900
2015-04-30,161304900
2015-05-01,103399700
2015-05-04,70927200
2015-05-05,113326200
2015-05-06,135060200
2015-05-07,88244900
2015-05-08,155877300
2015-05-11,75708100
2015-05-12,119727600
2015-05-13,94667900
2015-05-14,95934000
2015-05-15,76510100
2015-05-18,74549700
2015-05-19,72114600
2015-05-20,76857500
2015-05-21,64764600
2015-05-22,57433500
2015-05-26,124308600
2015-05-27,93214000
2015-05-28,74974600
2015-05-29,124919600
2015-06-01,93338800
2015-06-02,91531000
2015-06-03,87820900
2015-06-04,151882800
2015-06-05,121704700
2015-06-08,89063300
2015-06-09,105034700
2015-06-10,134551300
2015-06-11,73876400
2015-06-12,135382400
2015-06-15,124384200
2015-06-16,85308200
2015-06-17,126708600
2015-06-18,165867900
2015-06-19,130478700
2015-06-22,70696000
2015-06-23,68476800
2015-06-24,92307300
2015-06-25,97107400
2015-06-26,104174800
2015-06-29,202621300
2015-06-30,182925100
2015-07-01,135979900
2015-07-02,104373700
2015-07-06,117975400
2015-07-07,173820200
2015-07-08,164020100
2015-07-09,144113100
2015-07-10,129456900
2015-07-13,106069400
2015-07-14,81709600
2015-07-15,97914100
2015-07-16,106683300
2015-07-17,89030000
2015-07-20,70446800
2015-07-21,77965000
2015-07-22,88667900
2015-07-23,90509100
2015-07-24,117755000
2015-07-27,132361100
2015-07-28,123544800
2015-07-29,105791300
2015-07-30,91304400
2015-07-31,103266900
2015-08-03,113965700
2015-08-04,81820800
2015-08-05,85786800
2015-08-06,116030800
2015-08-07,117858000
2015-08-10,80270700
2015-08-11,126081400
2015-08-12,172123700
2015-08-13,89383300
2015-08-14,72786500
2015-08-17,79072600
2015-08-18,71692700
2015-08-19,172946000
2015-08-20,194327900
2015-08-21,346588500
2015-08-24,507244300
2015-08-25,369833100
2015-08-26,339257000
2015-08-27,274143900
2015-08-28,160414400
2015-08-31,163298800
2015-09-01,256000400
2015-09-02,160269300
2015-09-03,152087800
2015-09-04,207081000
2015-09-08,116025700
2015-09-09,149347700
2015-09-10,158611100
2015-09-11,119691200
2015-09-14,79452000
2015-09-15,113806200
2015-09-16,99581600
2015-09-17,276046600
2015-09-18,223657500
2015-09-21,105726200
2015-09-22,153890900
2015-09-23,92790600
2015-09-24,159378800
2015-09-25,155054800
2015-09-28,178515900
2015-09-29,159045600
2015-09-30,163452000
2015-10-01,131079000
2015-10-02,211003300
2015-10-05,126320800
2015-10-06,110274500
2015-10-07,124307300
2015-10-08,153055200
2015-10-09,107069200
2015-10-12,56395600
2015-10-13,88038700
2015-10-14,99106200
2015-10-15,134142200
2015-10-16,114580100
2015-10-19,76523900
2015-10-20,78448500
2015-10-21,102038000
2015-10-22,174911700
2015-10-23,144442300
2015-10-26,69033000
2015-10-27,77905800
2015-10-28,135906700
2015-10-29,90525500
2015-10-30,131076900
2015-11-02,86270800
2015-11-03,95246100
2015-11-04,96224500
2015-11-05,78408700
2015-11-06,110471500
2015-11-09,131008700
2015-11-10,75874600
2015-11-11,67846000
2015-11-12,121315200
2015-11-13,153577100
2015-11-16,117645200
2015-11-17,121123700
2015-11-18,121342500
2015-11-19,88220500
2015-11-20,94011500
2015-11-23,64931200
2015-11-24,98874400
2015-11-25,51980100
2015-11-27,37317800
2015-11-30,112822700
2015-12-01,97858400
2015-12-02,108441300
2015-12-03,166224200
2015-12-04,192913900
2015-12-07,102027100
2015-12-08,103372400
2015-12-09,162401500
2015-12-10,116128900
2015-12-11,211173300
2015-12-14,182385200
2015-12-15,154069600
2015-12-16,197017000
2015-12-17,173092500
2015-12-18,251393500
2015-12-21,99094300
2015-12-22,111026200
2015-12-23,110987200
2015-12-24,48539600
2015-12-28,65899900
2015-12-29,92640700
2015-12-30,63317700
2015-12-31,114877900
2016-01-04,222353500
2016-01-05,110845800
2016-01-06,152112600
2016-01-07,213436100
2016-01-08,209817200
2016-01-11,187941300
2016-01-12,172330500
2016-01-13,221168900
2016-01-14,240795600
2016-01-15,324846400
2016-01-19,195244400
2016-01-20,286547800
2016-01-21,195772900
2016-01-22,168319600
2016-01-25,130371700
2016-01-26,141036800
2016-01-27,185681700
2016-01-28,143798800
2016-01-29,210529300
2016-02-01,136061600
2016-02-02,182564900
2016-02-03,205054900
2016-02-04,139531800
2016-02-05,180788300
2016-02-08,191526700
2016-02-09,184513100
2016-02-10,148214100
2016-02-11,219058900
2016-02-12,127632400
2016-02-16,120250700
2016-02-17,136009500
2016-02-18,102343000
2016-02-19,114793000
2016-02-22,103640300
2016-02-23,111455300
2016-02-24,150812200
2016-02-25,110728300
2016-02-26,129833700
2016-02-29,125918100
2016-03-01,141799700
2016-03-02,102415000
2016-03-03,95172200
2016-03-04,129293600
2016-03-07,100219000
2016-03-08,123974900
2016-03-09,94801200
2016-03-10,156838700
2016-03-11,137964500
2016-03-14,73612000
2016-03-15,93169100
2016-03-16,129303200
2016-03-17,134278500
2016-03-18,138372400
2016-03-21,72926700
2016-03-22,97471900
2016-03-23,81052500
2016-03-24,84360900
2016-03-28,62408200
2016-03-29,92922900
2016-03-30,86365300
2016-03-31,94584100
2016-04-01,114423500
2016-04-04,63497000
2016-04-05,99662200
2016-04-06,91839800
2016-04-07,113859000
2016-04-08,95040600
2016-04-11,83757500
2016-04-12,115350600
2016-04-13,96336400
2016-04-14,65212900
2016-04-15,75761600
2016-04-18,82531000
2016-04-19,88316100
2016-04-20,81100300
2016-04-21,85695000
2016-04-22,99251700
2016-04-25,66166500
2016-04-26,75864200
2016-04-27,77329400
2016-04-28,97216200
2016-04-29,142424100
2016-05-02,62188000
2016-05-03,106422100
2016-05-04,92243800
2016-05-05,67619200
2016-05-06,89315000
2016-05-09,74374900
2016-05-10,77472200
2016-05-11,81727000
2016-05-12,89586300
2016-05-13,96474600
2016-05-16,77486800
2016-05-17,114924900
2016-05-18,120062100
2016-05-19,115430500
2016-05-20,104990400
2016-05-23,58682600
2016-05-24,93537800
2016-05-25,76621400
2016-05-26,55280700
2016-05-27,64211200
2016-05-31,109879400
2016-06-01,69936200
2016-06-02,63044700
2016-06-03,101757100
2016-06-06,64887000
2016-06-07,60974800
2016-06-08,66170900
2016-06-09,73786900
2016-06-10,113829200
2016-06-13,117751200
2016-06-14,125059300
2016-06-15,109124500
2016-06-16,149533100
2016-06-17,117055700
2016-06-20,82789600
2016-06-21,72461700
2016-06-22,95560500
2016-06-23,102731400
2016-06-24,333444400
2016-06-27,230775800
2016-06-28,159382400
2016-06-29,137328600
2016-06-30,165021900
2016-07-01,106055300
2016-07-05,109803700
2016-07-06,96021500
2016-07-07,85593800
2016-07-08,133971000
2016-07-11,73633900
2016-07-12,101275600
2016-07-13,87324100
2016-07-14,91230900
2016-07-15,107155400
2016-07-18,58725900
2016-07-19,54345700
2016-07-20,58159500
2016-07-21,67777300
2016-07-22,62787500
2016-07-25,55873100
2016-07-26,70080500
2016-07-27,84083900
2016-07-28,65035700
2016-07-29,79519400
2016-08-01,73311400
2016-08-02,92295500
2016-08-03,53993600
2016-08-04,46585500
2016-08-05,71892200
2016-08-08,39906500
2016-08-09,51251700
2016-08-10,57941100
2016-08-11,72504300
2016-08-12,61313500
2016-08-15,49813500
2016-08-16,53213600
2016-08-17,75134300
2016-08-18,52989300
2016-08-19,75443000
2016-08-22,61368800
2016-08-23,53399200
2016-08-24,71728900
2016-08-25,69224800
2016-08-26,122506300
2016-08-29,70502200
2016-08-30,58114500
2016-08-31,85269500
2016-09-01,97844200
2016-09-02,79293900
2016-09-06,56702100
2016-09-07,76554900
2016-09-08,74102900
2016-09-09,221589100
2016-09-12,168110900
2016-09-13,182828800
2016-09-14,134185500
2016-09-15,134427900
2016-09-16,155236400
2016-09-19,80250500
2016-09-20,69665300
2016-09-21,110284400
2016-09-22,76678700
2016-09-23,73630900
2016-09-26,89827300
2016-09-27,78494800
2016-09-28,87411000
2016-09-29,128070600
2016-09-30,117202900
2016-10-03,83512100
2016-10-04,119948100
2016-10-05,72816000
2016-10-06,62927400
2016-10-07,89788300
2016-10-10,51855000
2016-10-11,130367400
2016-10-12,73866100
2016-10-13,101357000
2016-10-14,93346200
2016-10-17,58275700
2016-10-18,76869700
2016-10-19,66519200
2016-10-20,73639800
2016-10-21,89089100
2016-10-24,60146600
2016-10-25,66542300
2016-10-26,75705500
2016-10-27,77220200
2016-10-28,140623200
2016-10-31,61272500
2016-11-01,122781800
2016-11-02,103330800
2016-11-03,88939300
2016-11-04,109122100
2016-11-07,109794900
2016-11-08,106772100
2016-11-09,258429000
2016-11-10,172113300
2016-11-11,100552700
2016-11-14,94580000
2016-11-15,91652600
2016-11-16,65617700
2016-11-17,69797200
2016-11-18,86265800
2016-11-21,72402600
2016-11-22,67429000
2016-11-23,56620200
2016-11-25,37872300
2016-11-28,76572500
2016-11-29,69886700
2016-11-30,113291800
2016-12-01,79040500
2016-12-02,74840300
2016-12-05,67837800
2016-12-06,59877400
2016-12-07,110738100
2016-12-08,99714400
2016-12-09,88005800
2016-12-12,102016100
2016-12-13,110477500
2016-12-14,142501800
2016-12-15,124972600
2016-12-16,156420200
2016-12-19,90341100
2016-12-20,89838800
2016-12-21,67909000
2016-12-22,56219100
2016-12-23,36697800
2016-12-27,42672500
2016-12-28,64095000
2016-12-29,48696100
2016-12-30,108998300
2017-01-03,91366500
2017-01-04,78744400
2017-01-05,78379000
2017-01-06,71559900
2017-01-09,46939700
2017-01-10,63771900
2017-01-11,74650000
2017-01-12,72113200
2017-01-13,62717900
2017-01-17,61240800
2017-01-18,54793300
2017-01-19,66608800
2017-01-20,129168600
2017-01-23,75061600
2017-01-24,95555300
2017-01-25,84437700
2017-01-26,59970700
2017-01-27,59711100
2017-01-30,79737300
2017-01-31,75880800
2017-02-01,79117700
2017-02-02,69657600
2017-02-03,80563200
2017-02-06,57790100
2017-02-07,57931200
2017-02-08,51566200
2017-02-09,65955200
2017-02-10,66015900
2017-02-13,55182100
2017-02-14,71109000
2017-02-15,86785800
2017-02-16,84722400
2017-02-17,77204100
2017-02-21,88946100
2017-02-22,62115200
2017-02-23,74615900
2017-02-24,82381600
2017-02-27,56515400
2017-02-28,96961900
2017-03-01,149158200
2017-03-02,70246000
2017-03-03,81974300
2017-03-06,55391500
2017-03-07,65103700
2017-03-08,78168800
2017-03-09,90683900
2017-03-10,81991700
2017-03-13,57256800
2017-03-14,59880800
2017-03-15,96081800
2017-03-16,78344000
2017-03-17,89002100
2017-03-20,52537000
2017-03-21,131809300
2017-03-22,97569200
2017-03-23,100410300
2017-03-24,112504900
2017-03-27,87454500
2017-03-28,93483900
2017-03-29,61950400
2017-03-30,56737900
2017-03-31,73733100
2017-04-03,85546500
2017-04-04,56466200
2017-04-05,108800600
2017-04-06,69135800
2017-04-07,74412300
2017-04-10,67615300
2017-04-11,88045300
2017-04-12,81864400
2017-04-13,92880400
2017-04-17,68405400
2017-04-18,83225800
2017-04-19,68699900
2017-04-20,92572200
2017-04-21,110389800
2017-04-24,119209900
2017-04-25,76698300
2017-04-26,84702500
2017-04-27,57410300
2017-04-28,63532800
2017-05-01,66882500
2017-05-02,57375700
2017-05-03,73137700
2017-05-04,61462700
2017-05-05,62001300
2017-05-08,48385700
2017-05-09,51363200
2017-05-10,54293800
2017-05-11,62358300
2017-05-12,53912700
2017-05-15,61918900
2017-05-16,51241800
2017-05-17,172174100
2017-05-18,107047700
2017-05-19,115011400
2017-05-22,61010600
2017-05-23,48341700
2017-05-24,46927700
2017-05-25,64071700
2017-05-26,46629900
2017-05-30,35201900
2017-05-31,91796000
2017-06-01,68962000
2017-06-02,88666100
2017-06-05,44698800
2017-06-06,50375400
2017-06-07,54144300
2017-06-08,65950700
2017-06-09,132256400
2017-06-12,86108100
2017-06-13,60067000
2017-06-14,78602300
2017-06-15,66464900
2017-06-16,84553100
2017-06-19,65123800
2017-06-20,56906400
2017-06-21,55977600
2017-06-22,44148100
2017-06-23,66986800
2017-06-26,56700500
2017-06-27,82247700
2017-06-28,70042600
2017-06-29,106949700
2017-06-30,86820700
2017-07-03,39153800
2017-07-05,54427600
2017-07-06,65400800
2017-07-07,57972300
2017-07-10,36663300
2017-07-11,50354600
2017-07-12,59610400
2017-07-13,39471600
2017-07-14,60262700
2017-07-17,33531900
2017-07-18,42742500
2017-07-19,51034300
2017-07-20,47135200
2017-07-21,82340800
2017-07-24,46622300
2017-07-25,54915600
2017-07-26,47575400
2017-07-27,70766600
2017-07-28,50088400
2017-07-31,65838700
2017-08-01,55050400
2017-08-02,47211200
2017-08-03,40856000
2017-08-04,60191800
2017-08-07,31995000
2017-08-08,61719400
2017-08-09,62632600
2017-08-10,120479500
2017-08-11,74869900
2017-08-14,73291900
2017-08-15,55242700
2017-08-16,56715500
2017-08-17,128490400
2017-08-18,136748000
2017-08-21,65469700
2017-08-22,63140100
2017-08-23,50203800
2017-08-24,50741700
2017-08-25,64445900
2017-08-28,40565600
2017-08-29,51135700
2017-08-30,62030800
2017-08-31,103803900
2017-09-01,62007000
2017-09-05,91398800
2017-09-06,57916900
2017-09-07,58034700
2017-09-08,63832800
2017-09-11,71364800
2017-09-12,56896000
2017-09-13,59228000
2017-09-14,95446300
2017-09-15,95432400
2017-09-18,46235200
2017-09-19,47108100
2017-09-20,59574100
2017-09-21,48211400
2017-09-22,51214000
2017-09-25,57064400
2017-09-26,54082000
2017-09-27,81001400
2017-09-28,44778800
2017-09-29,85578000
2017-10-02,59023000
2017-10-03,66810200
2017-10-04,55953600
2017-10-05,63522800
2017-10-06,80646000
2017-10-09,35803100
2017-10-10,43057400
2017-10-11,47674300
2017-10-12,47065100
2017-10-13,54800400
2017-10-16,38221700
2017-10-17,31561000
2017-10-18,40888300
2017-10-19,61903800
2017-10-20,89176400
2017-10-23,63915300
2017-10-24,66935900
2017-10-25,103715300
2017-10-26,69798000
2017-10-27,85562500
2017-10-30,54285700
2017-10-31,60304800
2017-11-01,54202700
2017-11-02,56449500
2017-11-03,59589700
2017-11-06,49652600
2017-11-07,57502200
2017-11-08,50469600
2017-11-09,95085500
2017-11-10,59984700
2017-11-13,50228600
2017-11-14,61315200
2017-11-15,80811500
2017-11-16,67777000
2017-11-17,75756800
2017-11-20,48075500
2017-11-21,69176800
2017-11-22,45033400
2017-11-24,27856500
2017-11-27,52274900
2017-11-28,98971700
2017-11-29,77512100
2017-11-30,127894400
2017-12-01,164390900
2017-12-04,94040600
2017-12-05,77994500
2017-12-06,75898600
2017-12-07,77218600
2017-12-08,76563900
2017-12-11,83077500
2017-12-12,85195800
2017-12-13,102905400
2017-12-14,100666700
2017-12-15,144610300
2017-12-18,83653600
2017-12-19,82382900
2017-12-20,76751500
2017-12-21,67032300
2017-12-22,78720900
2017-12-26,45244400
2017-12-27,57751000
2017-12-28,45116100
2017-12-29,96007400
2018-01-02,86655700
2018-01-03,90070400
2018-01-04,80636400
2018-01-05,83524000
2018-01-08,57319200
2018-01-09,57254000
2018-01-10,69574300
2018-01-11,62361500
2018-01-12,90816100
2018-01-16,106555100
2018-01-17,113258800
2018-01-18,100728000
2018-01-19,140920100
2018-01-22,91322400
2018-01-23,97084700
2018-01-24,134816100
2018-01-25,84587300
2018-01-26,107743100
2018-01-29,90118300
2018-01-30,131796400
2018-01-31,108364800
2018-02-01,90102500
2018-02-02,173174800
2018-02-05,294681800
2018-02-06,355026800
2018-02-07,167376100
2018-02-08,246449500
2018-02-09,283565300
2018-02-12,143736000
2018-02-13,81223600
2018-02-14,120735700
2018-02-15,111200300
2018-02-16,160420100
2018-02-20,86369700
2018-02-21,98883700
2018-02-22,110511300
2018-02-23,92766400
2018-02-26,86491400
2018-02-27,99099200
2018-02-28,121907800
2018-03-01,176855100
2018-03-02,139083200
2018-03-05,97307400
2018-03-06,79213200
2018-03-07,87063500
2018-03-08,66901200
2018-03-09,113625300
2018-03-12,71924800
2018-03-13,91968900
2018-03-14,105895100
2018-03-15,83433000
2018-03-16,100343700
2018-03-19,109208400
2018-03-20,59757300
2018-03-21,78709600
2018-03-22,148785900
2018-03-23,183534800
2018-03-26,141956100
2018-03-27,129941400
2018-03-28,146452300
2018-03-29,111601600
2018-04-02,186286300
2018-04-03,119956900
2018-04-04,123715300
2018-04-05,82652600
2018-04-06,179521200
2018-04-09,105442900
2018-04-10,103529000
2018-04-11,91140200
2018-04-12,68890500
2018-04-13,85079200
2018-04-16,63405300
2018-04-17,64682000
2018-04-18,57303900
2018-04-19,77655900
2018-04-20,99953100
2018-04-23,65558000
2018-04-24,112885500
2018-04-25,103840900
2018-04-26,67731900
2018-04-27,57053600
2018-04-30,82182300
2018-05-01,74203400
2018-05-02,86368900
2018-05-03,136311500
2018-05-04,91222100
2018-05-07,55304900
2018-05-08,67499200
2018-05-09,59666100
2018-05-10,72063900
2018-05-11,59871500
2018-05-14,54790600
2018-05-15,87036100
2018-05-16,53942600
2018-05-17,56536400
2018-05-18,64368000
2018-05-21,58025900
2018-05-22,52966400
2018-05-23,64694200
2018-05-24,76043800
2018-05-25,56374800
2018-05-29,115908600
2018-05-30,69678400
2018-05-31,93519900
2018-06-01,71258400
2018-06-04,45385200
2018-06-05,51135000
2018-06-06,62732200
2018-06-07,72969400
2018-06-08,72139700
2018-06-11,58892500
2018-06-12,72329000
2018-06-13,79070600
2018-06-14,77097600
2018-06-15,120041600
2018-06-18,52917600
2018-06-19,97531500
2018-06-20,53785500
2018-06-21,71061400
2018-06-22,54898500
2018-06-25,137854200
2018-06-26,68547400
2018-06-27,105110700
2018-06-28,76650500
2018-06-29,97592500
2018-07-02,63554800
2018-07-03,42187100
2018-07-05,56925900
2018-07-06,66493700
2018-07-09,50550400
2018-07-10,51966800
2018-07-11,77054700
2018-07-12,60124700
2018-07-13,48216000
2018-07-16,48201000
2018-07-17,52315500
2018-07-18,44593500
2018-07-19,61412100
2018-07-20,82337700
2018-07-23,47047600
2018-07-24,68026900
2018-07-25,78882900
2018-07-26,57919500
2018-07-27,76768700
2018-07-30,63742500
2018-07-31,68570500
2018-08-01,53853300
2018-08-02,63426400
2018-08-03,53935400
2018-08-06,39400900
2018-08-07,43196600
2018-08-08,42114600
2018-08-09,35717000
2018-08-10,77076000
2018-08-13,65732900
2018-08-14,43842000
2018-08-15,102925400
2018-08-16,69967900
2018-08-17,65618500
2018-08-20,39807500
2018-08-21,67272000
2018-08-22,44993300
2018-08-23,49204900
2018-08-24,57487400
2018-08-27,57072400
2018-08-28,46943500
2018-08-29,61485500
2018-08-30,61229500
2018-08-31,66140800
2018-09-04,57594400
2018-09-05,72452400
2018-09-06,65909900
2018-09-07,73524800
2018-09-10,50210900
2018-09-11,50530500
2018-09-12,59810800
2018-09-13,51034200
2018-09-14,55079900
2018-09-17,68244000
2018-09-18,61930400
2018-09-19,49080600
2018-09-20,100360600
2018-09-21,105479700
2018-09-24,53409600
2018-09-25,44370000
2018-09-26,79739700
2018-09-27,59249500
2018-09-28,70091400
2018-10-01,62078900
2018-10-02,47258200
2018-10-03,64694600
2018-10-04,111545900
2018-10-05,105951700
2018-10-08,87742200
2018-10-09,74339000
2018-10-10,214731000
2018-10-11,274840500
2018-10-12,183186500
2018-10-15,102263700
2018-10-16,118255800
2018-10-17,110626000
2018-10-18,134557500
2018-10-19,139901600
2018-10-22,82415800
2018-10-23,146352700
2018-10-24,177806700
2018-10-25,138061500
2018-10-26,201574600
2018-10-29,160749100
2018-10-30,157116000
2018-10-31,128296300
2018-11-01,99495000
2018-11-02,122634100
2018-11-05,65622500
2018-11-06,60085900
2018-11-07,102752100
2018-11-08,65584900
2018-11-09,98812600
2018-11-12,99673600
2018-11-13,98176600
2018-11-14,125335900
2018-11-15,135101400
2018-11-16,126668000
2018-11-19,103061700
2018-11-20,136021300
2018-11-21,75563700
2018-11-23,42807900
2018-11-26,79981400
2018-11-27,75502400
2018-11-28,127629600
2018-11-29,82346400
2018-11-30,98204200
2018-12-03,103176300
2018-12-04,177986000
2018-12-06,204185400
2018-12-07,161018900
2018-12-10,151445900
2018-12-11,121504400
2018-12-12,97976700
2018-12-13,96662700
2018-12-14,116961100
2018-12-17,165492300
2018-12-18,134515100
2018-12-19,214992800
2018-12-20,252053400
2018-12-21,255345600
2018-12-24,147311600
2018-12-26,218485400
2018-12-27,186267300
2018-12-28,153100200
2018-12-31,144299400
2019-01-02,126925200
2019-01-03,144140700
2019-01-04,142628800
2019-01-07,103139100
2019-01-08,102512600
2019-01-09,95006600
2019-01-10,96823900
2019-01-11,73858100
2019-01-14,70908200
2019-01-15,85208300
2019-01-16,77636700
2019-01-17,96118400
2019-01-18,127900300
2019-01-22,115531200
2019-01-23,86030300
2019-01-24,59204100
2019-01-25,96883400
2019-01-28,85613700
2019-01-29,66136300
2019-01-30,92473700
2019-01-31,104012100
2019-02-01,85782500
2019-02-04,60744800
2019-02-05,79552800
2019-02-06,58347800
2019-02-07,95482000
2019-02-08,75788900
2019-02-11,68021400
2019-02-12,72270200
2019-02-13,65277200
2019-02-14,83234400
2019-02-15,97088700
2019-02-19,59120800
2019-02-20,76610800
2019-02-21,64214700
2019-02-22,78114600
2019-02-25,69030700
2019-02-26,56844100
2019-02-27,56921600
2019-02-28,69268300
2019-03-01,78880500
2019-03-04,106494600
2019-03-05,59114600
2019-03-06,75039800
2019-03-07,94885100
2019-03-08,85795800
2019-03-11,65098900
2019-03-12,79667500
2019-03-13,80639200
2019-03-14,67518400
2019-03-15,81309000
2019-03-18,62199800
2019-03-19,90268100
2019-03-20,84609200
2019-03-21,79550400
2019-03-22,122659300
2019-03-25,85575200
2019-03-26,68125900
2019-03-27,72224700
2019-03-28,56238500
2019-03-29,82186800
2019-04-01,77617900
2019-04-02,40070400
2019-04-03,68243200
2019-04-04,48997500
2019-04-05,58621700
2019-04-08,53566300
2019-04-09,66142300
2019-04-10,52601500
2019-04-11,55093100
2019-04-12,69727800
2019-04-15,49596700
2019-04-16,52153200
2019-04-17,58268300
2019-04-18,68708500
2019-04-22,40160100
2019-04-23,52246600
2019-04-24,50392900
2019-04-25,57770900
2019-04-26,50916400
2019-04-29,57197700
2019-04-30,81111700
2019-05-01,71671900
2019-05-02,65030200
2019-05-03,56543700
2019-05-06,107198100
2019-05-07,144729900
2019-05-08,91568300
2019-05-09,103471100
2019-05-10,112429300
2019-05-13,127290500
2019-05-14,77003200
2019-05-15,73956400
2019-05-16,76749600
2019-05-17,100353000
2019-05-20,62877600
2019-05-21,46847100
2019-05-22,49482500
2019-05-23,98733800
2019-05-24,55268100
2019-05-28,70029400
2019-05-29,104972900
2019-05-30,62523800
2019-05-31,86862800
2019-06-03,96428000
2019-06-04,77231900
2019-06-05,71169700
2019-06-06,69430400
2019-06-07,74272200
2019-06-10,60799100
2019-06-11,58641300
2019-06-12,47096300
2019-06-13,48945200
2019-06-14,52324700
2019-06-17,39205700
2019-06-18,85434800
2019-06-19,78674400
2019-06-20,116570000
2019-06-21,83309500
2019-06-24,47582700
2019-06-25,82028700
2019-06-26,51584900
2019-06-27,40355200
2019-06-28,59350900
2019-07-01,78705600
2019-07-02,61504500
2019-07-03,40898900
2019-07-05,51677300
2019-07-08,45841800
2019-07-09,41101300
2019-07-10,58448500
2019-07-11,50826100
2019-07-12,40326000
2019-07-15,33900000
2019-07-16,36650100
2019-07-17,36036300
2019-07-18,51392600
2019-07-19,58678600
2019-07-22,43638100
2019-07-23,44564500
2019-07-24,47213200
2019-07-25,55394100
2019-07-26,45084100
2019-07-29,38126500
2019-07-30,45849000
2019-07-31,104245200
2019-08-01,142646600
2019-08-02,116749700
2019-08-05,178745400
2019-08-06,120711700
2019-08-07,140572300
2019-08-08,87713900
2019-08-09,93730000
2019-08-12,65527600
2019-08-13,94299800
2019-08-14,135622100
2019-08-15,99556600
2019-08-16,83018300
2019-08-19,53571800
2019-08-20,51596400
2019-08-21,49524700
2019-08-22,51666400
2019-08-23,149161500
2019-08-26,72423800
2019-08-27,66668900
2019-08-28,59696700
2019-08-29,57899400
2019-08-30,62901200
2019-09-03,69101400
2019-09-04,46887300
2019-09-05,83258100
2019-09-06,49584300
2019-09-09,51260300
2019-09-10,57947100
2019-09-11,68821100
2019-09-12,72908700
2019-09-13,62104800
2019-09-16,58191200
2019-09-17,41475500
2019-09-18,73375800
2019-09-19,76560500
2019-09-20,89565000
2019-09-23,43476800
2019-09-24,94869400
2019-09-25,71854000
2019-09-26,56179700
2019-09-27,84746600
2019-09-30,51662400
2019-10-01,88242400
2019-10-02,122539500
2019-10-03,85278800
2019-10-04,65091200
2019-10-07,59610500
2019-10-08,95708100
2019-10-09,62359400
2019-10-10,55296300
2019-10-11,98720400
2019-10-14,40394800
2019-10-15,46754500
2019-10-16,48928200
2019-10-17,45736600
2019-10-18,64304000
2019-10-21,39048600
2019-10-22,48594700
2019-10-23,34352200
2019-10-24,35453100
2019-10-25,45205400
2019-10-28,42147000
2019-10-29,44284900
2019-10-30,49643900
2019-10-31,69053800
2019-11-01,71141500
2019-11-04,60606900
2019-11-05,42933200
2019-11-06,46487100
2019-11-07,54272300
2019-11-08,49032100
2019-11-11,35797300
2019-11-12,46484600
2019-11-13,53917700
2019-11-14,51219900
2019-11-15,62023600
2019-11-18,49228000
2019-11-19,67804700
2019-11-20,79406200
2019-11-21,54664700
2019-11-22,44850200
2019-11-25,48647200
2019-11-26,37569000
2019-11-27,44444600
2019-11-29,36592700
2019-12-02,75767800
2019-12-03,73941700
2019-12-04,49080000
2019-12-05,40709000
2019-12-06,48927000
2019-12-09,34838500
2019-12-10,52649800
2019-12-11,53429100
2019-12-12,96389600
2019-12-13,81503900
2019-12-16,82749700
2019-12-17,61097700
2019-12-18,48133000
2019-12-19,85310500
2019-12-20,147142100
2019-12-23,52990000
2019-12-24,20270000
2019-12-26,30911200
2019-12-27,42528800
2019-12-30,49729100
2019-12-31,57077300
2020-01-02,59151200
2020-01-03,77709700
2020-01-06,55653900
2020-01-07,40496400
2020-01-08,68296000
2020-01-09,48473300
2020-01-10,53029300
2020-01-13,47086800
2020-01-14,62832800
2020-01-15,72056600
2020-01-16,54050300
2020-01-17,95846000
2020-01-21,77742400
2020-01-22,48914900
2020-01-23,51963000
2020-01-24,87578400
2020-01-27,84062500
2020-01-28,63834000
2020-01-29,53888900
2020-01-30,75491800
2020-01-31,113845600
2020-02-03,69083000
2020-02-04,62573200
2020-02-05,65951100
2020-02-06,50359700
2020-02-07,64139400
2020-02-10,42070000
2020-02-11,54864500
2020-02-12,43992700
2020-02-13,54501900
2020-02-14,64582200
2020-02-18,57226200
2020-02-19,48814700
2020-02-20,74163400
2020-02-21,113788200
2020-02-24,161088400
2020-02-25,218913200
2020-02-26,194773800
2020-02-27,284353500
2020-02-28,384975800
2020-03-02,238703600
2020-03-03,300139100
2020-03-04,176613400
2020-03-05,186366800
2020-03-06,228667200
2020-03-09,309417300
2020-03-10,276444100
2020-03-11,255316300
2020-03-12,392220700
2020-03-13,329566100
2020-03-16,297240000
2020-03-17,262070500
2020-03-18,327597100
2020-03-19,289322000
2020-03-20,347158800
2020-03-23,326025200
2020-03-24,235494500
2020-03-25,299430300
2020-03-26,257632800
2020-03-27,224341200
2020-03-30,171369500
2020-03-31,194881100
2020-04-01,189554600
2020-04-02,177660400
2020-04-03,135561200
2020-04-06,188061200
2020-04-07,201427200
2020-04-08,153774500
2020-04-09,189999200
2020-04-13,114839100
2020-04-14,134143400
2020-04-15,121775000
2020-04-16,131798300
2020-04-17,146684800
2020-04-20,100109300
2020-04-21,126385700
2020-04-22,92951600
2020-04-23,104709700
2020-04-24,85063200
2020-04-27,77896600
2020-04-28,105270000
2020-04-29,118745600
2020-04-30,122901700
2020-05-01,125180000
2020-05-04,80873200
2020-05-05,79569900
2020-05-06,73632600
2020-05-07,75250400
2020-05-08,76452400
2020-05-11,79514200
2020-05-12,95870800
2020-05-13,144721100
2020-05-14,121977900
2020-05-15,111146300
2020-05-18,119703800
2020-05-19,95189300
2020-05-20,85861700
2020-05-21,78293900
2020-05-22,63958200
2020-05-26,88951400
2020-05-27,104817400
2020-05-28,90405200
2020-05-29,119090800
2020-06-01,55758300
2020-06-02,74267200
2020-06-03,92567600
2020-06-04,75794400
2020-06-05,150524700
2020-06-08,73641200
2020-06-09,77479200
2020-06-10,95000800
2020-06-11,209243600
2020-06-12,194678900
2020-06-15,135782700
2020-06-16,137627500
2020-06-17,83398900
2020-06-18,80828700
2020-06-19,135549600
2020-06-22,74649400
2020-06-23,68471200
2020-06-24,132813500
2020-06-25,89468000
2020-06-26,127961000
2020-06-29,79773300
2020-06-30,113394800
2020-07-01,72396500
2020-07-02,69344200
2020-07-06,61713800
2020-07-07,82910000
2020-07-08,54638600
2020-07-09,83354200
2020-07-10,57550400
2020-07-13,102997500
2020-07-14,93657000
2020-07-15,87196500
2020-07-16,54622500
2020-07-17,62774900
2020-07-20,56308800
2020-07-21,57292200
2020-07-22,57792900
2020-07-23,75738000
2020-07-24,73766600
2020-07-27,48293000
2020-07-28,57495000
2020-07-29,48454200
2020-07-30,61861700
2020-07-31,84986800
2020-08-03,53077900
2020-08-04,41917900
2020-08-05,42697700
2020-08-06,43679400
2020-08-07,57308300
2020-08-10,44282100
2020-08-11,69601100
2020-08-12,53774400
2020-08-13,41816100
2020-08-14,47260400
2020-08-17,35481000
2020-08-18,38733900
2020-08-19,68054200
2020-08-20,42207800
2020-08-21,55106600
2020-08-24,48588700
2020-08-25,38463400
2020-08-26,50790200
2020-08-27,58034100
2020-08-28,48588900
2020-08-31,66099200
2020-09-01,54908700
2020-09-02,69540000
2020-09-03,148011100
2020-09-04,139156300
2020-09-08,114465300
2020-09-09,91462300
2020-09-10,90569500
2020-09-11,84680200
2020-09-14,65605700
2020-09-15,52920900
2020-09-16,82096000
2020-09-17,91523300
2020-09-18,105877900
2020-09-21,99450800
2020-09-22,63612100
2020-09-23,93112200
2020-09-24,76681300
2020-09-25,71069400
2020-09-28,64584600
2020-09-29,51304000
2020-09-30,104081100
2020-10-01,88698700
2020-10-02,89431100
2020-10-05,45713100
2020-10-06,90128900
2020-10-07,56999600
2020-10-08,45242500
2020-10-09,59528600
2020-10-12,80388500
2020-10-13,73255500
2020-10-14,57727900
2020-10-15,60357700
2020-10-16,89501900
2020-10-19,68425600
2020-10-20,60051900
2020-10-21,63575000
2020-10-22,55399300
2020-10-23,49143900
2020-10-26,91473000
2020-10-27,65994100
2020-10-28,127094300
2020-10-29,90597700
2020-10-30,120287300
2020-11-02,86068300
2020-11-03,93294200
2020-11-04,126959700
2020-11-05,82039700
2020-11-06,74973000
2020-11-09,172304200
2020-11-10,85552000
2020-11-11,58649000
2020-11-12,67546200
2020-11-13,62892200
2020-11-16,74541100
2020-11-17,66111000
2020-11-18,70591300
2020-11-19,59940900
2020-11-20,70417300
2020-11-23,63230600
2020-11-24,62415900
2020-11-25,45330900
2020-11-27,28514100
2020-11-30,83872700
2020-12-01,74231400
2020-12-02,45927000
2020-12-03,62882000
2020-12-04,50749900
2020-12-07,48944300
2020-12-08,42458900
2020-12-09,74098300
2020-12-10,57735400
2020-12-11,57698600
2020-12-14,69216200
2020-12-15,63865300
2020-12-16,58420500
2020-12-17,64119500
2020-12-18,136542300
2020-12-21,96386700
2020-12-22,47949000
2020-12-23,46201400
2020-12-24,26457900
2020-12-28,39000400
2020-12-29,53680500
2020-12-30,49455300
2020-12-31,78520700
2021-01-04,110210800
2021-01-05,66426200
2021-01-06,107997700
2021-01-07,68766800
2021-01-08,71677200
2021-01-11,51034700
2021-01-12,52547700
2021-01-13,45303600
2021-01-14,49989100
2021-01-15,107160000
2021-01-19,51233300
2021-01-20,61836100
2021-01-21,47840100
2021-01-22,52860500
2021-01-25,70402000
2021-01-26,42665300
2021-01-27,123351100
2021-01-28,94198100
2021-01-29,126765100
2021-02-01,75817600
2021-02-02,64450700
2021-02-03,52427100
2021-02-04,47142600
2021-02-05,48669800
2021-02-08,38365200
2021-02-09,35551100
2021-02-10,59154400
2021-02-11,42913300
2021-02-12,50593300
2021-02-16,50972400
2021-02-17,52290600
2021-02-18,59712800
2021-02-19,83241000
2021-02-22,67414200
2021-02-23,107284100
2021-02-24,72433900
2021-02-25,146670500
2021-02-26,152701600
2021-03-01,105348800
2021-03-02,79595300
2021-03-03,119940200
2021-03-04,183433000
2021-03-05,152039600
2021-03-08,123149200
2021-03-09,113633600
2021-03-10,109899400
2021-03-11,86245000
2021-03-12,64653600
2021-03-15,73427200
2021-03-16,73722500
2021-03-17,97959300
2021-03-18,115349100
2021-03-19,113624500
2021-03-22,73778600
2021-03-23,90686600
2021-03-24,97588600
2021-03-25,116128600
2021-03-26,114409100
2021-03-29,108107600
2021-03-30,76262200
2021-03-31,112734200
2021-04-01,99682900
2021-04-05,91684800
2021-04-06,62021000
2021-04-07,55836300
2021-04-08,57863100
2021-04-09,61104600
2021-04-12,56704900
2021-04-13,56551000
2021-04-14,61659900
2021-04-15,60229800
2021-04-16,82037300
2021-04-19,78498500
2021-04-20,81851800
2021-04-21,66793000
2021-04-22,97582800
2021-04-23,73209200
2021-04-26,52182400
2021-04-27,51303100
2021-04-28,51238900
2021-04-29,78544300
2021-04-30,85527000
2021-05-03,68128300
2021-05-04,101591200
2021-05-05,60162200
2021-05-06,74321400
2021-05-07,67733800
2021-05-10,81852400
2021-05-11,116888000
2021-05-12,134811000
2021-05-13,106394000
2021-05-14,82201600
2021-05-17,65129200
2021-05-18,59810200
2021-05-19,106467100
2021-05-20,78022200
2021-05-21,76578700
2021-05-24,51376700
2021-05-25,57451400
2021-05-26,43088600
2021-05-27,56707700
2021-05-28,58520200
2021-06-01,54216600
2021-06-02,49097100
2021-06-03,58138800
2021-06-04,55938800
2021-06-07,51555000
2021-06-08,47134300
2021-06-09,48436300
2021-06-10,51020100
2021-06-11,45570800
2021-06-14,42358500
2021-06-15,51508500
2021-06-16,80386100
2021-06-17,90949700
2021-06-18,118676300
2021-06-21,72822000
2021-06-22,57700300
2021-06-23,49445400
2021-06-24,45110300
2021-06-25,58129500
2021-06-28,53159600
2021-06-29,35970500
2021-06-30,64827900
2021-07-01,53441000
2021-07-02,57697700
2021-07-06,68710400
2021-07-07,63549500
2021-07-08,97595200
2021-07-09,76238600
2021-07-12,52889600
2021-07-13,52911300
2021-07-14,64130400
2021-07-15,55126400
2021-07-16,75874700
2021-07-19,147987000
2021-07-20,99608200
2021-07-21,64724400
2021-07-22,47878500
2021-07-23,63766600
2021-07-26,43719200
2021-07-27,67397100
2021-07-28,52472400
2021-07-29,47435300
2021-07-30,68951200
2021-08-02,58783300
2021-08-03,58053900
2021-08-04,46732200
2021-08-05,38969700
2021-08-06,46930000
2021-08-09,41222600
2021-08-10,43339300
2021-08-11,44034300
2021-08-12,38909400
2021-08-13,39470300
2021-08-16,73740000
2021-08-17,92673900
2021-08-18,89351900
2021-08-19,92812200
2021-08-20,72008700
2021-08-23,54973000
2021-08-24,38744700
2021-08-25,40529700
2021-08-26,57829600
2021-08-27,77235100
2021-08-30,48357400
2021-08-31,59300200
2021-09-01,48721400
2021-09-02,42501000
2021-09-03,47170500
2021-09-07,51671500
2021-09-08,56181900
2021-09-09,57970400
2021-09-10,89948200
2021-09-13,83738600
2021-09-14,78197100
2021-09-15,78792200
2021-09-16,77786700
2021-09-17,118425000
2021-09-20,166445500
2021-09-21,92526100
2021-09-22,102350100
2021-09-23,76396000
2021-09-24,62094800
2021-09-27,61371100
2021-09-28,130436300
2021-09-29,82329200
2021-09-30,140506000
2021-10-01,129240100
2021-10-04,128570000
2021-10-05,90682500
2021-10-06,113032200
2021-10-07,72437500
2021-10-08,74557400
2021-10-11,65233300
2021-10-12,71181200
2021-10-13,72974000
2021-10-14,70236800
2021-10-15,66260200
2021-10-18,62213200
2021-10-19,46996800
2021-10-20,49571600
2021-10-21,41305400
2021-10-22,58845100
2021-10-25,45214500
2021-10-26,56075100
2021-10-27,72438000
2021-10-28,51437900
2021-10-29,70162400
2021-11-01,48433600
2021-11-02,48908400
2021-11-03,52509800
2021-11-04,52847100
2021-11-05,66390600
2021-11-08,50405200
2021-11-09,51149100
2021-11-10,69429700
2021-11-11,34848500
2021-11-12,53466700
2021-11-15,46980500
2021-11-16,48857500
2021-11-17,47858300
2021-11-18,50625600
2021-11-19,57315600
2021-11-22,72762000
2021-11-23,73206500
2021-11-24,61858800
2021-11-26,112669600
2021-11-29,86268800
2021-11-30,148559600
2021-12-01,131939200
2021-12-02,127637800
2021-12-03,137331600
2021-12-06,98977500
2021-12-07,95484700
2021-12-08,72238800
2021-12-09,61272600
2021-12-10,77159800
2021-12-13,87724700
2021-12-14,97264100
2021-12-15,116899300
2021-12-16,116568600
2021-12-17,135511600
2021-12-20,107134800
2021-12-21,69806300
2021-12-22,58890200
2021-12-23,56439700
2021-12-27,56808600
2021-12-28,47274600
2021-12-29,54503000
2021-12-30,55329000
2021-12-31,65237400
2022-01-03,72668200
2022-01-04,71178700
2022-01-05,104538900
2022-01-06,86858900
2022-01-07,85111600
2022-01-10,119362000
2022-01-11,74303100
2022-01-12,67605400
2022-01-13,91173100
2022-01-14,95890900
2022-01-18,109709100
2022-01-19,109357600
2022-01-20,122379700
2022-01-21,202271200
2022-01-24,251783900
2022-01-25,167997300
2022-01-26,186391100
2022-01-27,149878300
2022-01-28,164457400
2022-01-31,152251400
2022-02-01,123155400
2022-02-02,117361000
2022-02-03,118024400
2022-02-04,118454400
2022-02-07,84472900
2022-02-08,81012000
2022-02-09,92589900
2022-02-10,140103700
2022-02-11,153214600
2022-02-14,123006300
2022-02-15,88482700
2022-02-16,84863600
2022-02-17,102259100
2022-02-18,132642900
2022-02-22,124391800
2022-02-23,132578000
2022-02-24,213942900
2022-02-25,121804500
2022-02-28,145615000
2022-03-01,137785900
2022-03-02,117726500
2022-03-03,105501700
2022-03-04,113978200
2022-03-07,137896600
2022-03-08,164772700
2022-03-09,116990800
2022-03-10,93972700
2022-03-11,95636300
2022-03-14,95729200
2022-03-15,106219100
2022-03-16,144954800
2022-03-17,102676900
2022-03-18,106345500
2022-03-21,88349800
2022-03-22,74650400
2022-03-23,79426100
2022-03-24,64736900
2022-03-25,77101300
2022-03-28,68529800
2022-03-29,86581500
2022-03-30,79666900
2022-03-31,121699900
2022-04-01,89048800
2022-04-04,59601000
2022-04-05,74214500
2022-04-06,106898000
2022-04-07,78097200
2022-04-08,79272700
2022-04-11,89770500
2022-04-12,84363600
2022-04-13,74070400
2022-04-14,97869500
2022-04-18,66002500
2022-04-19,77821000
2022-04-20,65224400
2022-04-21,85417300
2022-04-22,132471800
2022-04-25,119647700
2022-04-26,103996300
2022-04-27,122030000
2022-04-28,105449100
2022-04-29,145491100
2022-05-02,158312500
2022-05-03,100028200
2022-05-04,144247900
2022-05-05,172929100
2022-05-06,151770800
2022-05-09,155586100
2022-05-10,132497200
2022-05-11,142361000
2022-05-12,125090800
2022-05-13,104174400
2022-05-16,78622400
2022-05-17,83029700
2022-05-18,117674500
2022-05-19,98510700
2022-05-20,131432200
2022-05-23,76414900
2022-05-24,91448800
2022-05-25,91472900
2022-05-26,82168300
2022-05-27,84768700
2022-05-31,95937000
2022-06-01,86585800
2022-06-02,79609600
2022-06-03,71874300
2022-06-06,57508900
2022-06-07,59272400
2022-06-08,64350000
2022-06-09,86289800
2022-06-10,132893900
2022-06-13,170004900
2022-06-14,104011800
2022-06-15,125666800
2022-06-16,134473300
2022-06-17,111113900
2022-06-21,76811900
2022-06-22,90059400
2022-06-23,79292100
2022-06-24,98050300
2022-06-27,66009600
2022-06-28,86548900
2022-06-29,65676000
2022-06-30,112508300
2022-07-01,74839700
2022-07-05,81438000
2022-07-06,70426200
2022-07-07,64525900
2022-07-08,72397800
2022-07-11,58366900
2022-07-12,62219200
2022-07-13,84224600
2022-07-14,89704800
2022-07-15,79060400
2022-07-18,63203600
2022-07-19,78506000
2022-07-20,71843800
2022-07-21,64903900
2022-07-22,72197300
2022-07-25,53631500
2022-07-26,52946400
2022-07-27,82342100
2022-07-28,73966600
2022-07-29,87003700
2022-08-01,69997500
2022-08-02,63435400
2022-08-03,67820600
2022-08-04,45656600
2022-08-05,56814900
2022-08-08,53886100
2022-08-09,44931800
2022-08-10,68665700
2022-08-11,59489700
2022-08-12,61694500
2022-08-15,54048300
2022-08-16,59289000
2022-08-17,63563400
2022-08-18,49023200
2022-08-19,68016900
2022-08-22,77695600
2022-08-23,49105200
2022-08-24,49177800
2022-08-25,50942300
2022-08-26,103087000
2022-08-29,65370800
2022-08-30,85652400
2022-08-31,76029700
2022-09-01,78740100
2022-09-02,99632100
2022-09-06,76637400
2022-09-07,70964200
2022-09-08,80821700
2022-09-09,76706900
2022-09-12,69256300
2022-09-13,122947100
2022-09-14,85023700
2022-09-15,87633800
2022-09-16,103084800
2022-09-19,73278500
2022-09-20,77274900
2022-09-21,106746600
2022-09-22,89472600
2022-09-23,122346900
2022-09-26,92581200
2022-09-27,108294100
2022-09-28,110802200
2022-09-29,112952300
2022-09-30,153711200
2022-10-03,89756500
2022-10-04,103602800
2022-10-05,88065700
2022-10-06,82333500
2022-10-07,107789500
2022-10-10,76042800
2022-10-11,92482800
2022-10-12,76991800
2022-10-13,147254500
2022-10-14,123737000
2022-10-17,93168200
2022-10-18,97162900
2022-10-19,79746900
2022-10-20,88283100
2022-10-21,131038400
2022-10-24,85436900
2022-10-25,78846300
2022-10-26,104087300
2022-10-27,81971800
2022-10-28,100302000
2022-10-31,96631300
2022-11-01,85407600
2022-11-02,126990400
2022-11-03,87100100
2022-11-04,103505200
2022-11-07,68286900
2022-11-08,84641100
2022-11-09,78495500
2022-11-10,141455800
2022-11-11,93839900
2022-11-14,71903500
2022-11-15,93194500
2022-11-16,68508500
2022-11-17,74496300
2022-11-18,92922500
2022-11-21,51243200
2022-11-22,60429000
2022-11-23,68261600
2022-11-25,30545400
2022-11-28,67881600
2022-11-29,52310000
2022-11-30,144566700
2022-12-01,76398200
2022-12-02,85342700
2022-12-05,77289800
2022-12-06,77972200
2022-12-07,65927900
2022-12-08,60737900
2022-12-09,81447700
2022-12-12,75405800
2022-12-13,123782500
2022-12-14,108111300
2022-12-15,117705900
2022-12-16,119858000
2022-12-19,79878100
2022-12-20,74427200
2022-12-21,78167400
2022-12-22,100120900
2022-12-23,59857300
2022-12-27,51638200
2022-12-28,70911500
2022-12-29,66970900
2022-12-30,84022200
2023-01-03,74850700
2023-01-04,85934100
2023-01-05,76970500
2023-01-06,104189600
2023-01-09,73978100
2023-01-10,65358100
2023-01-11,68881100
2023-01-12,90157700
2023-01-13,63903900
2023-01-17,62677300
2023-01-18,99632300
2023-01-19,86958900
2023-01-20,91806400
2023-01-23,84178800
2023-01-24,59524900
2023-01-25,84800300
2023-01-26,72287400
2023-01-27,68346200
2023-01-30,74202000
2023-01-31,86811800
2023-02-01,101459200
2023-02-02,101654500
2023-02-03,94736800
2023-02-06,60295300
2023-02-07,90990700
2023-02-08,76227500
2023-02-09,78694900
2023-02-10,70769700
2023-02-13,64913500
2023-02-14,88389300
2023-02-15,61555700
2023-02-16,76431500
2023-02-17,89257800
2023-02-21,82655900
2023-02-22,83742300
2023-02-23,96242400
2023-02-24,108194400
2023-02-27,80444700
2023-02-28,96438600
2023-03-01,99706800
2023-03-02,85127800
2023-03-03,90120000
2023-03-06,72795900
2023-03-07,108310600
2023-03-08,74746600
2023-03-09,111945300
2023-03-10,189253000
2023-03-13,157790000
2023-03-14,149752400
2023-03-15,172996900
2023-03-16,143254200
2023-03-17,140553400
2023-03-20,93055800
2023-03-21,91524200
2023-03-22,111746600
2023-03-23,119351300
2023-03-24,107682400
2023-03-27,74010400
2023-03-28,62871700
2023-03-29,77497900
2023-03-30,69840000
2023-03-31,112062600
2023-04-03,67391100
2023-04-04,66601500
2023-04-05,65200200
2023-04-06,63743300
2023-04-10,63681000
2023-04-11,59297900
2023-04-12,86420400
2023-04-13,85814800
2023-04-14,78161500
2023-04-17,66436400
2023-04-18,63560000
2023-04-19,55227300
2023-04-20,75840400
2023-04-21,73457400
2023-04-24,64332100
2023-04-25,97766700
2023-04-26,80447000
2023-04-27,92968400
2023-04-28,89335600
2023-05-01,62122300
2023-05-02,103998500
2023-05-03,91531800
2023-05-04,94901900
2023-05-05,87844000
2023-05-08,50046800
2023-05-09,49220100
2023-05-10,96142900
2023-05-11,70157100
2023-05-12,70439400
2023-05-15,54289400
2023-05-16,57705500
2023-05-17,87287000
2023-05-18,97177200
2023-05-19,103679700
2023-05-22,60745400
2023-05-23,86383500
2023-05-24,89213700
2023-05-25,90961600
2023-05-26,93830000
2023-05-30,72216000
2023-05-31,110811800
2023-06-01,88865000
2023-06-02,91366700
2023-06-05,65460200
2023-06-06,64022200
2023-06-07,85373300
2023-06-08,61952800
2023-06-09,85742800
2023-06-12,76104300
2023-06-13,95899700
2023-06-14,100612100
2023-06-15,110303100
2023-06-16,114121300
2023-06-20,76160400
2023-06-21,76982300
2023-06-22,70637200
2023-06-23,92074500
2023-06-26,72823600
2023-06-27,72813700
2023-06-28,75636000
2023-06-29,67882300
2023-06-30,104921500
2023-07-03,32793400
2023-07-05,58418400
2023-07-06,80658300
2023-07-07,86076100
2023-07-10,62443500
2023-07-11,64463800
2023-07-12,91924500
2023-07-13,72425200
2023-07-14,69761800
2023-07-17,52680200
2023-07-18,80744400
2023-07-19,65891700
2023-07-20,70591600
2023-07-21,71245400
2023-07-24,54023400
2023-07-25,55191200
2023-07-26,71052900
2023-07-27,92194400
2023-07-28,80011800
2023-07-31,62040400
2023-08-01,55291500
2023-08-02,93933400
2023-08-03,64276100
